,corr_smb,corr_hml,corr_rmw,corr_cma,corr_vix,corr_oil,corr_sp500,corr_usd,corr_yield,corr_copper
VC_GNTX,-0.04164403279780612,-0.056135851389836885,-0.019824076137040417,-0.06429284551215575,-0.01490835362681016,-0.02372871570052958,0.04017993147963903,-0.01236995392535771,-0.03988493118440228,-7.448162370788019e-05
