,corr_smb,corr_hml,corr_rmw,corr_cma,corr_vix,corr_oil,corr_sp500,corr_usd,corr_yield,corr_copper
GM_DAN,0.028237729642548524,-0.016310071287093084,-0.0730866903399696,-0.02378708220085096,-0.025921384256814818,0.009668206135213334,0.04752869000171038,-0.014374626432247793,-0.0008974984834028112,-0.022524523857200624
TSLA_DORM,0.002259773404850479,-0.030842887349167084,0.013169022883557454,0.023677240230818016,-0.006264128504212365,0.006742434008972853,-0.013745117055108837,-0.00833596086710731,-0.016318571115278162,0.020433579731610106
HOG_HMC,0.006039765781029933,-0.07412972039159625,-0.0959722760977558,-0.16550671644420445,-0.015373054457544683,-0.0038321464792731427,0.009059937391817614,0.012655112156758951,0.02224779330863924,-0.018037576306295332
TSLA_PATK,0.002263660785580881,-0.04135452809182172,-0.005579185550388957,-0.03405244448943595,-0.012645443101300646,0.006648403514293578,0.0098256414156294,0.02089075689952964,0.06931228302467239,0.008689867771320177
