,corr_smb,corr_hml,corr_rmw,corr_cma,corr_vix,corr_oil,corr_sp500,corr_usd,corr_yield,corr_copper
HOG_DAN,0.01574329064149853,-0.006943588449699431,-0.007641430664413556,-0.053489858209378995,-0.021957137075833823,0.05458905305138512,0.1004673098770942,-0.019597709376635363,0.10737400670140632,0.03719554907179081
VC_GNTX,-0.0019493804986418656,0.06467284349323635,0.06908221579090172,0.06441115449513107,0.032861419839095574,-0.0211375861485904,-0.029126482917892833,0.05188683714167497,0.019175267009371052,-0.06825705047391324
HOG_HMC,-0.00449237486785756,-0.029866570080378692,0.003064248963422182,-0.0169308412604856,-0.007785144747074511,-0.023865642085342444,-0.04059213965157487,0.02946404473935072,0.04148633664666238,-0.05174394534270164
VC_PATK,0.019196820713368683,0.012744756187913181,-0.016621388432444092,0.012487897633281623,0.03647623554000839,-0.016017968022943033,-0.028368326008534166,-0.008451173346685102,-0.033748829287003866,-0.006529238653943037
