,corr_smb,corr_hml,corr_rmw,corr_cma,corr_vix,corr_oil,corr_sp500,corr_usd,corr_yield,corr_copper
VC_GNTX,-0.04474920812500766,0.009121463401131602,0.03870538993248679,0.021942406196544337,0.008177659854869856,-0.04923883309265603,0.016675853110911628,-0.0072878357196350186,-0.040801799713768905,-0.05448826356286961
