,corr_smb,corr_hml,corr_rmw,corr_cma,corr_vix,corr_oil,corr_sp500,corr_usd,corr_yield,corr_copper
VC_GNTX,0.04123674048823791,0.003765456199076361,0.0008906434801838986,0.0017016533883278805,0.002814571993162506,-0.015158917155106658,0.01459467309539917,-0.0055335710411375085,-0.024379112264479405,0.004272371660854476
