,corr_smb,corr_hml,corr_rmw,corr_cma,corr_vix,corr_oil,corr_sp500,corr_usd,corr_yield,corr_copper
ESI_ALB,-0.05198488217760699,0.010631815703701558,0.07040287591618331,0.0009392698560491632,0.08289861643951454,0.02998139725679011,-0.03326763761776437,-0.01127160598700065,-0.0629103441549594,-0.035118254560658764
TROX_ALB,-0.014766314034344648,-0.031629544846959984,-0.034207992027300585,-0.025759621626141087,0.07534523840036837,-0.025630447490836025,-0.06756759205239074,0.028611712632452206,-0.07684945141966341,-0.0379319696981095
VVV_ALB,-0.028469588592242696,-0.020469304898990657,0.029962355059796667,0.014017283992927138,-0.036944178587824415,-0.001129857063666619,0.07338735270585671,-0.065839366378382,-0.010982428523323417,0.07879819798136747
TSE_CBT,0.050505416254277256,-0.003748618659596849,-0.11764619630694785,-0.030772751393376218,0.011019335143439437,0.01469618757812956,0.005599995501818365,-0.028851068790115265,-0.020954247656720923,0.018864000723356766
WLK_CBT,-0.06685089237478288,-0.055360498593217164,0.007293636100000139,-0.01641570059504186,0.013574759333865047,0.002522393169498473,0.017297185148884824,-0.026637948169384335,-0.02347152296274864,-0.00441026534574727
FUL_CE,0.14293171967753276,0.021045507232235357,-0.04887371613141622,-0.04950831993537841,-0.18756695628856562,0.08543940359532652,0.12060328791834134,-0.021475371578330762,0.11900351858382277,0.1117043971348882
TROX_OLN,0.0493817913602455,-0.00843539109622105,-0.06829531306594556,-0.02924872104374585,0.06432442107938728,-0.0320438967971953,-0.03458693040028551,-0.0018006529917139558,-0.08023622566950467,0.003308365723813389
SMG_SCL,-0.014395843547220349,-0.05097735933895113,-0.03174511279887069,0.01236993201154304,0.001822280183603594,0.008311062271881805,-0.005101896350668275,0.034898156879924376,-0.012766548090707826,0.01738074630739426
WLK_SQM,-0.007801829659310903,0.03360016456483177,0.03509716950323479,0.03002048283816224,-0.01258107587863312,0.012571004842577898,-0.032124939311896125,0.011691374361137132,-0.01427399188726402,-0.019339205660416043
