,corr_smb,corr_hml,corr_rmw,corr_cma,corr_vix,corr_oil,corr_sp500,corr_usd,corr_yield,corr_copper
ESI_ALB,0.017139981690072872,-0.02154974995289141,-0.06658134309993119,-0.055502834892641253,0.028737919816472945,0.00902487884542488,-0.08383559138813423,0.04135137740198752,-0.006389721243970203,-0.046248479992853024
TROX_ALB,-0.006251129553126041,0.0008448915925533285,0.01726160000005736,0.013190055427206979,0.01891165718548656,0.014264695386298099,-0.010625395473669304,0.03556544706318649,0.026623564631890695,-0.0008930100639315557
TSE_CBT,-0.009542253211496977,0.047265172719459875,0.0010700734840368242,0.06289441107939815,-0.014925679591621338,0.01206499959833763,0.022174775328795263,-0.101250033008679,0.028502764839646297,0.047442105111903034
WLK_CBT,0.02512131836056422,0.022982496865703705,0.0037217632038378046,0.062267992135485645,0.02766988817858747,0.026353598459946687,-0.036818583909315666,-0.019518442529254013,0.02463823250283784,0.029227699836113827
FUL_CE,-0.0007466096659181113,0.009984050656749285,-0.0031655703987248846,-0.04447252823065647,0.1461096534586577,-0.07398342548239878,-0.14657932989848968,0.0590391845291127,-0.02955163638391948,-0.09992428090880695
TSE_MTX,0.0016454949988113211,-0.023371620566803843,-0.049335056557711886,-0.04002340017665194,-0.017534306895019777,-0.020461060144804036,0.030880503340248572,-0.0020768659695396133,-0.02275712975410406,-0.0007519972032234763
SCL_RPM,0.0050710920986980585,0.03835913984032791,0.019803363230885437,-0.04669272851091761,-0.03610266013742907,0.09602480233554647,0.04047717777362869,-0.02545109428257175,0.040661168614284086,0.02149686422427874
WLK_SQM,0.025128747735345007,-0.0017365729918160026,0.03922370646291098,-0.023291930521057325,-0.027998685987877078,-0.010576780700878604,-0.042603023696839645,0.049901797661218064,0.011548811616574188,-0.07151745277358423
