,corr_smb,corr_hml,corr_rmw,corr_cma,corr_vix,corr_oil,corr_sp500,corr_usd,corr_yield,corr_copper
CBT_AVNT,0.009916492563973653,-0.007844718074665368,-0.014164791324413622,-0.011199473650573846,0.023875149386817906,-0.016506378014282713,-0.0148376812791549,-0.017940075514144494,-0.027564491014268038,0.015547253993555048
LYB_AVNT,0.0015632333191591611,-0.006779065701054811,0.011604144999760698,-0.014139784153887334,0.0336774996410952,-0.007108347529638843,-0.026106561577701002,0.0013654518155309546,-0.05039139052204045,-0.0288589598082758
TSE_DD,-0.007166083646682984,-0.062323245631558465,0.011987898116022994,-0.046731326969717435,0.03368056480259821,-0.030181277719186553,-0.010435624078936962,-0.06435258628355128,-0.014937233327056527,0.07083467445504386
TSE_LYB,0.005364938642601535,-0.0065097424279874265,-0.004658455483225446,0.0037619560186377566,-0.020208726096912856,0.012111977882762134,0.027916777448879493,-0.0031655288429894525,-0.0007310051639078317,0.020360894946621612
TSE_MTX,-0.026141215099021307,-0.01745122122496087,-0.0027127684776149263,-0.009812322924260129,-0.02290794431691457,-0.01273472523861402,0.04719604505913927,-0.013027951911960678,-0.012536620429722981,0.027079792823214502
