,corr_smb,corr_hml,corr_rmw,corr_cma,corr_vix,corr_oil,corr_sp500,corr_usd,corr_yield,corr_copper
IFF_ALB,-0.01277851995422811,0.0027989706914672606,0.023020876589660018,0.024417512395016373,-0.015150611800470335,0.012478105218338077,0.006036604652867904,0.012285013471727797,-0.0014015967617511207,-0.017200943628777807
TROX_ALB,-0.004656325612941422,-0.010503159053452504,-0.014210592592642539,0.01959226942467813,0.0465619061172435,-0.005822404993851544,-0.022356652548599913,0.028880759053937388,-0.05170811490755737,-0.0033743853288995514
CE_AVNT,-0.014656752173599954,-0.0293655658372475,-0.02864267796333343,-0.002800745274670734,-0.09197105956172315,0.041487902356847677,0.10425215366290849,-0.014416843851935686,0.042671635791615384,0.06445415697640933
FUL_CE,0.054169810979178744,0.031153657427259358,-0.0017207865498783035,-0.024558454716400707,-0.11416977021409086,0.024071586367056644,0.06280584827703072,0.07849138634222846,0.1144250919581396,-0.0204465600930364
SCL_RPM,-0.018797068725947517,-0.0190272683085029,-0.01699790550580949,-0.046402206444672967,-0.04709145714746613,0.013099978691488871,0.023942054166550944,0.03589723848907539,0.04742714965112392,-0.0040913925916421495
WLK_SQM,-0.038039605130019666,-0.02120274965410899,0.021797841238485403,0.08645465242093867,0.34766175024976137,-0.07049929907829117,-0.1871650838700923,-0.02140828650780861,-0.13235900713977858,-0.04723051945102549
