,corr_smb,corr_hml,corr_rmw,corr_cma,corr_vix,corr_oil,corr_sp500,corr_usd,corr_yield,corr_copper
MLKN_BCO,0.004430095864368771,0.02443635309259645,0.0496198760833706,0.021956426470555998,0.0015989759590844194,0.004122722103064242,-0.02168524928297214,0.002571296615850726,0.006959368236093729,-0.01072289375663654
SCS_BCO,-0.06329313378436878,-0.08090450022315405,-0.06755610345596079,-0.058164783077556126,0.027555518783673606,0.06760427520805579,-0.04888394891139744,-0.039868793540649,0.042188802575859254,-0.0034366434571694044
ICFI_CLH,0.0013293024146854623,0.007012071301183823,-0.007392220597160907,-0.024140897271587747,0.0011489459293049444,0.004658491248153781,0.008066671066177316,-0.014461538157737014,-0.01497474551581741,-0.02541560118786078
WM_CLH,0.03167592921241557,0.03821540645764214,0.02797935650395632,0.041814143087151014,0.007649738450388017,-0.016230082487254615,-0.002760297881457087,-0.03193441882054174,0.03145525823367841,0.04850639644441092
SAIC_LDOS,-0.026867577553043358,-0.010789978659322923,-0.016064379229091617,0.00837866406877542,0.03652988166678081,0.0018079748325461242,-0.052092596043358905,-0.007092446826759596,-0.013869682126712924,0.015747184373925152
