,corr_smb,corr_hml,corr_rmw,corr_cma,corr_vix,corr_oil,corr_sp500,corr_usd,corr_yield,corr_copper
TRU_CPRT,0.022201640132558577,0.03371076674573658,-0.009324644245699199,0.04792617785662629,-0.001976200133118385,0.054657183948782315,-0.013814301470669779,0.012482653993830974,0.05969411799114016,-0.021836892534677944
TRI_EFX,-0.039418836869659156,-0.014240316578545386,-0.014023612038878744,0.0068573362475776705,-0.016457197199422475,0.10666764550816123,0.006280753408515427,-0.033697660950999235,0.018908756678530945,-0.0025949306352847606
TRU_EFX,0.004577166444126203,-0.02415466928609543,0.02614496874509984,-0.02799117098795619,-2.8083490006841718e-05,-0.016788360297174638,-0.009372136223427441,-0.0037123398320577433,-0.002166552344715714,0.0013480725512072295
WCN_EFX,0.017137459176597997,-0.005494493261192147,-0.10180877953999877,0.009003610790706303,-0.009318748974895872,0.013911434838858663,0.002940212265865247,0.018545598497911275,0.0038731376033725607,0.010261844870798892
WM_KFRC,-0.021233682896601436,-0.029624544504391552,-0.001013854315678419,-0.014000235921076477,0.03599922291307447,-0.0010690278736743084,-0.03249463323400721,0.038749537761675834,-0.005679381720407815,-0.030001362895206073
RSG_RELX,-0.01983435895570007,-0.04380043050029138,0.03163443165519607,-0.02329842729068704,-0.026804452117990513,-0.006314123608681091,0.07991039112257417,-0.05284866948989046,0.00971046860191127,0.06340259743608967
WM_RELX,0.03877120316267163,0.015402715857813172,-0.02395257894019673,-0.015958749784290033,-0.02537979372744332,0.011049042833968159,0.027655288915749327,-0.008008049167931706,0.008811156965672933,0.022182656273517717
TRU_TRI,0.028480343399027858,-0.03993768875891795,-0.023075194884094787,-0.017217280424168348,-0.01546529346228928,0.004892398586936177,0.013462270177429238,-0.021535418917903972,0.011170403650819154,0.025838347920729463
