,corr_smb,corr_hml,corr_rmw,corr_cma,corr_vix,corr_oil,corr_sp500,corr_usd,corr_yield,corr_copper
MCD_CHH,0.017491755101055325,0.019151058403759334,-0.032322984011734876,0.012127407902750176,0.0074658297792731835,0.03707129947082865,-0.04751291080804816,0.02377511241846303,0.02519791564130762,-0.01033058683338423
HRB_GHC,0.031517404788097204,0.00955942645767692,-0.016901072599787372,0.025257961470105342,0.002808682166646218,-0.0006383684373118013,0.003754556386103604,-0.007714358314012556,-0.018072586860719143,0.008896337173047324
MMYT_IHG,0.02038086025379045,0.025027297096923272,0.012118034719462531,0.013156531580592167,-0.011123764016992471,-0.014026323990559194,0.011817317792323617,-0.008709390479238013,-0.0071935321655928535,0.02070313927972081
