GRMN_DECK,-1.701407
MDC_DECK,-1.0878817
NKE_DECK,-1.8334366
HBI_ELY,-0.9046792
HELE_GRBK,-2.2200043
MDC_GRBK,-1.7344217
PII_MDC,0.87705684
