,corr_smb,corr_hml,corr_rmw,corr_cma,corr_vix,corr_oil,corr_sp500,corr_usd,corr_yield,corr_copper
GRMN_DECK,0.05479500263267265,0.03272528247312083,-0.07450863202693551,-0.0012181669120707112,-0.0408135631341464,0.1522414078307238,0.044298566424414654,-0.019299231064044527,0.024659113764394055,0.015157710167838036
MDC_DECK,-0.026382695086079752,0.011813508362815056,0.07259409243916949,0.00907029691275225,-0.019234202933008083,-0.007447662296647529,-0.013558638084214468,0.03918847546347593,0.05915791007586721,0.004222585358707076
NKE_DECK,-0.038146413945567594,0.004942816763930519,0.04088361595089214,0.02641647784231192,0.01004147699521078,-0.006936975472298599,-0.004477040256405098,0.005804819499959028,-0.008550356404959894,-0.015673472813288073
HBI_ELY,0.036243076720054244,-0.006965788562792435,0.0037406626052733627,-0.09104204182004162,-0.016746264633699555,0.03935262749715402,0.02587870390869322,0.0327100729012337,0.08944987925458853,-0.0034481792366072195
HELE_GRBK,0.02014598915857556,0.03477615298466977,0.040199838153171324,0.07046887494128386,-0.015111048517686021,-0.016490624899527198,-0.00713898632160063,0.03436816390847085,0.043733203568946666,-0.011916038114454098
MDC_GRBK,0.05589143537468676,0.012816334488023702,-0.03222105944311106,-0.04398654949945456,0.011468403191447894,0.002011917473065278,-0.02042403467201608,0.03692457000900775,-0.011213674303374879,0.011283929274845957
PII_MDC,0.02332955454149216,0.006139913849239967,0.008060493589658048,0.011214156574929725,0.00916495533508158,-0.011866319429670499,-0.006103531610017823,0.05564690921978852,-0.017942266310568503,0.010016681810185845
