,corr_smb,corr_hml,corr_rmw,corr_cma,corr_vix,corr_oil,corr_sp500,corr_usd,corr_yield,corr_copper
MMYT_BKNG,-4.213785285284993e-05,-0.021366679566862355,-0.013690744251522308,-0.0025504647720449884,0.0026419833229429537,0.0016748938079432778,0.006698395084310187,0.04817406678350571,-0.04274530205288008,-0.03964500649660203
MMYT_CAKE,0.009077989759698243,0.0012465150623680397,-0.008430129458439925,0.024436704856903736,-0.017162698161532635,0.009816512574115553,-0.01883042297232276,-0.012163936426486983,0.005323508890993729,0.007748628053654519
MCD_CHH,0.005104119430112782,-0.015038128020237181,-0.00010089416483779787,-0.0041221542957132285,0.018958277292972687,-0.08248501345103405,-0.03982277101730533,0.030354397114538762,0.01471344546778042,-0.011138723404128891
MMYT_DIN,0.038539048073913305,0.03173134570501271,-0.01949333497597634,0.0463503767420128,-0.004546441061495987,-0.02403398018918515,0.01007997695585893,-0.0547491090902786,-0.02334179914584131,-0.0035930865195620966
MMYT_EXPE,0.0417233198861494,0.029615053833645225,0.056287679964876956,-0.020232711712602963,-0.013018502828951348,0.0031849956895964268,0.026661766307565674,0.014308303267924477,-0.01696746802348384,0.011544264064272329
HRB_GHC,0.009953821829862135,0.014014288347363705,0.043443376892623474,0.011550354870360236,0.022871123342602242,-0.02299788523066037,-0.01205128511555046,0.034573451986406774,0.02363498484562393,-0.022715150600222334
MMYT_IHG,0.029815386228884525,-0.012838977455782448,0.021591902663617234,-0.0023412269825874494,-0.0347246739551466,0.053805145843190204,0.04726787835159158,-0.07330182909349071,0.028569510831890448,0.04889980767074617
MMYT_MGM,-0.005121265166719401,0.004881513653332774,-0.038824477718147045,-0.010985296029043332,-0.008734269063202061,0.009182817080448411,-0.017995318402782914,0.04279799952690529,0.032678903930621804,-0.010169575434788603
