,corr_smb,corr_hml,corr_rmw,corr_cma,corr_vix,corr_oil,corr_sp500,corr_usd,corr_yield,corr_copper
SLGN_CCK,0.0368132337863436,-0.013308423749584112,-0.03809322672787893,-0.015534212515472962,0.01474983206753257,-0.019204525589209227,-0.0005026876908934153,0.03590099642645197,-0.04063965546508481,-0.02817451663578279
