,corr_smb,corr_hml,corr_rmw,corr_cma,corr_vix,corr_oil,corr_sp500,corr_usd,corr_yield,corr_copper
GPK_AVY,-0.00026736050629560897,0.0019707976486744764,-0.019249904530591534,-0.004830465019609341,-0.0016501908537182555,-0.009509972972175774,0.005232179903121175,0.005329599678569679,0.030073656759366112,-0.040555838630677354
SLGN_CCK,0.04122827897099674,-0.057552656892016454,0.011824044195997392,-0.05332556864593406,0.00855570909635228,-0.009311794507643151,0.010118582528154996,0.009244843418644762,-0.03338587715710587,0.001594972018017981
