,corr_smb,corr_hml,corr_rmw,corr_cma,corr_vix,corr_oil,corr_sp500,corr_usd,corr_yield,corr_copper
SLGN_CCK,0.0334820593021282,0.024073227150511994,-0.02602384675239096,0.027494229827125658,0.008086398689385791,0.015568665690394496,-0.01968171793833055,0.012695934046485356,0.013305791429906493,0.0017501029563225443
GEF-B_GEF,-0.025008850865117296,0.053478082861730655,0.06008640452357181,0.053158705905630765,-0.014069692348846368,-0.027627476864747265,0.005104584618695628,0.0031656030811363523,0.034720162623258055,0.004396937071803028
GPK_GEF-B,0.049989244599798775,0.023877972860730037,-0.011507027101821403,0.021690561816170177,-0.021219922278199462,0.024677703629015394,-0.003942730196686311,-0.05213871369721563,0.009478807292428854,0.015377152425324007
