,corr_smb,corr_hml,corr_rmw,corr_cma,corr_vix,corr_oil,corr_sp500,corr_usd,corr_yield,corr_copper
GEF-B_AVY,0.015648428366912416,0.030043782345968138,-0.034885669738507395,0.009676863053411018,-0.009673987572055601,0.014343306256325301,-0.01645143283315937,-0.03924688693232231,0.015679407517988443,0.041801838954788284
SLGN_CCK,-0.01687495791274833,-0.011839030256597471,-0.05277523240656407,-0.028226956868223643,-0.02111816660602089,-0.02451139631439338,0.039061954370060235,0.023548021896073783,-0.03275956745751975,-0.01582018069377722
WRK_GEF-B,0.02872196246161494,0.011569400096256144,-0.02982345336980368,0.03617784740308491,-0.060839144140201216,0.053776803926498695,0.13620018247298207,-0.07961311799199924,0.017704976076997128,0.06473326302405773
