,corr_smb,corr_hml,corr_rmw,corr_cma,corr_vix,corr_oil,corr_sp500,corr_usd,corr_yield,corr_copper
SLGN_PKG,0.03994363409737413,0.03687700661797509,0.02909720656508933,0.0046774962220054875,0.0504774057544792,-0.012801510732757954,-0.04233504390366293,0.0629202964905654,-0.015339063633592453,-0.03786270521076232
