,corr_smb,corr_hml,corr_rmw,corr_cma,corr_vix,corr_oil,corr_sp500,corr_usd,corr_yield,corr_copper
DB_AMP,0.022832253535364264,0.04267513181547256,0.055956724794927665,0.011510164061552317,-0.02343163285004287,0.014049867180782888,-0.007996518582139863,0.04554622395936587,0.058926651189310904,0.020802204596617933
SNEX_BLK,-0.0015673541427157624,-0.0015326250952996433,0.017962388889842754,-0.02162868301804957,-0.00013663456497408944,-0.003723824312182166,-0.009618945277694326,-0.01315044813592518,0.039917470465159983,0.005938450102041504
RJF_BRK-A,0.11916269779465034,0.06934171736546943,-0.04771641414693558,0.020780461185863422,0.03996888764664994,0.018688173585801552,-0.07233031414835368,0.006189907176440973,0.03743450394988185,0.00555048686840807
RJF_BRK-B,0.032046079720954974,0.03360394135497361,-0.038004112534476865,0.022254435024707912,0.0318430686906058,-0.002298671283209731,-0.03715627181109661,0.05157721519134626,0.01265336213082161,0.036017639598799965
RJF_IX,0.023058663048499694,-0.027276001525757453,-0.021726399098234227,0.025760481544318797,-0.014645833680195897,0.006206661931668143,0.02300695559386699,-0.022905888307153604,-0.007961675503384861,0.0018888254484612345
MORN_LPLA,0.025195986405438592,0.010537102889953513,-0.0699686939347016,-0.038910411689873595,-0.014858591639201073,0.04575437300521391,0.05533379364658331,-0.11071836681377616,-0.0443258618401024,0.038535900318818934
NDAQ_MSCI,0.062350276087349395,0.03544470031665128,0.04708903140013588,0.07536016228587612,-0.019261997244963955,0.010508714068293653,-0.01559036939009438,0.01723684680532592,0.03496002947083602,0.05813071645824541
SNEX_SII,0.045747649872490775,0.016376001026411003,-0.04117267422475108,0.01710213331419428,-0.022997666048328747,-0.008265999700590835,0.03607538325323332,-0.02494623409345787,-0.012321427628236074,-0.01859216116405856
