NXST_CMCSA,1.3582255
NXST_IPG,2.7531488
