,corr_smb,corr_hml,corr_rmw,corr_cma,corr_vix,corr_oil,corr_sp500,corr_usd,corr_yield,corr_copper
NXST_CMCSA,0.04854335600218955,0.0068121335045013215,-0.05558797610782603,0.0068607046321986255,0.11562528929083428,-0.036967195816937165,-0.06333899591940806,-0.02855381878508371,-0.08895346621814369,-0.010212200394634125
WPP_GTN,-0.006566897461209619,0.031117361210477156,0.04892833413005284,0.03502221891553398,0.010532663494158446,-0.02964019210762952,-0.0217410984821932,0.04488293286770932,0.03225676164024434,-0.0241004791637919
NXST_IAC,-0.016737859463213156,-0.010115998012956618,0.0112555005077125,-0.014837735643363222,-0.021769921430436896,0.021137591348608424,0.008333673254413263,-0.02633637733020979,0.0024540608446081635,0.031352988519662416
NXST_IPG,0.020372616541922926,-0.0016724214243642097,-0.05442524669622446,-0.03460715922353177,-0.003466370813679236,0.01891749565635391,0.014816620685961181,-0.013044807199440926,0.03357979858672065,0.020072538583703902
