NXST_CMCSA,0.4471631
WPP_GTN,0.6291755
NXST_IAC,0.2905518
NXST_IPG,0.2500478
