,corr_smb,corr_hml,corr_rmw,corr_cma,corr_vix,corr_oil,corr_sp500,corr_usd,corr_yield,corr_copper
NXST_CMCSA,-0.05570254701733964,0.01310621577307754,-0.021554433609920893,-0.0030428843777735334,-0.012897524859231646,0.01715546141817123,0.023987849575749603,0.051822856564733705,0.11557927919235964,-0.0007010563236017147
NXST_IPG,-0.0018953859045066955,0.053225140636495326,0.026620918348290015,0.09174461179595512,-0.023747216727633445,-0.005557247760912498,0.05309427571220358,-0.04324195555847857,0.032073153491551,0.010685068390420903
