NXST_CMCSA,0.3210773
NXST_IPG,0.27073234
