BATRA_AMCX,0.3402963
PSO_AMCX,0.19737001
YELP_AMCX,0.23349446
NXST_CMCSA,0.3402963
NXST_IAC,0.19627613
NXST_IPG,0.16491859
WB_MANU,0.4246893
YELP_TV,0.3762099
WLYB_WLY,0.66837347
