BATRA_AMCX,0.6930874
PSO_AMCX,1.3026028
YELP_AMCX,0.37846547
NXST_CMCSA,1.0816981
NXST_IAC,0.44836858
NXST_IPG,2.766921
WB_MANU,-0.6734917
YELP_TV,0.6324727
WLYB_WLY,-6.3210085e-17
