,corr_smb,corr_hml,corr_rmw,corr_cma,corr_vix,corr_oil,corr_sp500,corr_usd,corr_yield,corr_copper
BATRA_AMCX,0.02257193827841515,0.019286520833167918,0.0034373480497123707,0.028953902825091384,0.01621040795299447,-0.003923417118256265,-0.022289235842382554,-0.016100763581115143,0.00010767527194460174,0.021592341948397674
PSO_AMCX,0.0316597685007636,-0.03035697930705195,0.021281723096144785,-0.08656541644678835,0.03150802663190665,-0.042781633894429225,-0.016419258142604625,-0.06372959930670563,-0.09406285194198334,-0.045654290381623344
YELP_AMCX,0.013148563531197753,-0.07414854565117843,-0.0837233522411623,0.0007765935229458554,0.00806954961203112,0.024113822772875403,0.02872588468693251,-0.09729551472538152,-0.13533440716150233,0.007329493573305088
NXST_CMCSA,0.02099024147516823,-0.06454159552617901,-0.008325340066179262,-0.04524381338222011,0.23262794429248257,-0.07735013994770575,-0.15519121306130013,0.009420196375954147,-0.1633065052061872,-0.057449111110580625
NXST_IAC,0.05202801104561103,0.03877896768841274,0.00113123544117564,-0.03170682583643603,-0.062158822093217235,0.08100410637154225,0.11226916616904237,-0.04655206840069369,0.05960812592704207,0.09675572995395601
NXST_IPG,-0.03973413250586945,-0.00332853107085664,0.016888556648373534,-0.014710340845350202,-0.01858614993417912,-0.006622156379836938,0.03992180014657424,-0.025668152549725695,-0.029727967012919135,0.03252178185752673
WB_MANU,-0.007038383371976196,0.009565744557469249,-0.0031954054075204737,0.02718177558151504,0.005456029085972074,0.02936335428393833,-0.020281476057764872,-0.023205904618841294,0.05125365499519817,0.03866566832456114
YELP_TV,0.012457894602783643,0.03231816320773924,0.0009491376189270836,0.0036441893179447573,0.004359209360808204,-0.0003208329744542084,0.0026332452896457134,-0.010568818873468416,-0.00534486951868101,0.02001472463631453
WLYB_WLY,0.057363993791588234,0.05411094974675021,-0.01872253161123094,0.06802108663839579,-0.023887371356933033,0.07753584259620026,0.048127530589847596,-0.005782073173443964,0.0090187676830359,0.014721732666067853
