BATRA_AMCX,0.6195442
PSO_AMCX,0.98493254
YELP_AMCX,0.9329065
NXST_CMCSA,0.7826687
NXST_IAC,0.95682925
NXST_IPG,0.6610253
WB_MANU,0.0014864361
YELP_TV,0.66315293
WLYB_WLY,0.97859347
