,corr_smb,corr_hml,corr_rmw,corr_cma,corr_vix,corr_oil,corr_sp500,corr_usd,corr_yield,corr_copper
GSM_ACH,0.006141649710078028,0.04218891472603903,0.015628943056022047,0.0012446002916371587,0.0055594244782115835,0.06403157068362532,-0.040629775574775866,-0.004557039527952537,0.07859028169001946,0.0013939229570903665
CGAU_AGI,-0.08634630202835289,-0.036602691304077874,0.012958705026883512,-0.03244853306157837,-0.056429140868718974,0.007045041985356307,0.06270138351246915,-0.03276340114954791,0.0413842195204053,0.015881679221967385
GOLD_AUY,0.01285941577704681,0.03786141554788298,-0.02393468800595579,0.012589319191166008,-0.055387050014059254,0.013061599403437414,0.04402948683660626,0.025372611222194794,0.03327153739908381,-0.02818784673285162
IAG_HL,0.0045643894769926635,0.05656965256476364,-0.046583904788348306,0.048076416412877465,-0.007061673454884574,0.02592035656270215,0.028523069419929672,-0.07131205351481537,0.03335599303678285,0.05222709185319717
TX_NUE,-0.02996986377028578,-0.03249873300344828,0.011646490315126108,0.0018146333850134735,0.057404169683846616,-0.042955658259924645,-0.03680779949762973,0.012882131873326876,-0.010404155657000829,-0.07806220511663527
STLD_SCHN,-0.03808186129363202,-0.017909695686318484,0.0018108802354086068,0.030021333854812857,-0.00600914504494052,0.035503978216747285,0.02600080222970208,-0.04184442546271331,0.015518551780453315,0.08219154020564948
TX_STLD,0.03238665637870066,0.026970895897964208,0.007712939031117877,0.033501451117985144,-0.1455372473532405,0.014088554649382919,0.040639089402241355,0.013630484803952209,0.1121342210070445,-0.024680305643644894
