,corr_smb,corr_hml,corr_rmw,corr_cma,corr_vix,corr_oil,corr_sp500,corr_usd,corr_yield,corr_copper
HMY_AUY,0.042564446831039715,0.0014203235899854566,-0.025711194839819696,-0.02679840409851209,-0.014152003074698365,0.0009883241885323656,0.040797252932646355,-0.03768527562557584,-0.07684915575783177,-0.01503699425968112
LAC_CENX,-0.014881151081801911,0.046860849489530565,0.023902574887297568,0.01332599067191449,-0.019040781566132734,0.008404728193901237,0.060014386573010656,-0.009272727474254821,-0.006446328189902629,0.02993935468173421
HMY_GFI,-0.010838263694143351,0.027783790838358663,0.01939281638260015,0.012242469667781817,-0.045108027798032434,0.04177435624926007,0.02701475450646383,-0.04243166692229284,0.07221174046411742,0.0299091834923255
STLD_MT,-0.10570044980360407,-0.15917119988234577,-0.04546673947509388,-0.05276475343566948,0.000495309640998809,-0.048095847265200976,0.018159810764293443,0.005283345691476871,-0.02846831345563819,0.007231918745806358
WOR_RIO,-0.02652888672196312,0.06454010142012105,0.06918532491651055,0.023151362952966117,0.010448096569624253,0.005709027399383683,-0.0031286091866873037,-0.051241106190868385,-0.047045122090128594,0.02856973345581081
