,corr_smb,corr_hml,corr_rmw,corr_cma,corr_vix,corr_oil,corr_sp500,corr_usd,corr_yield,corr_copper
NUE_AA,0.013424395341976307,0.049826023170548864,0.004504114297134352,0.06764239501363398,0.011025063103928694,0.023470219671403662,0.0006984117430255873,-0.06963042249039415,-0.004472989826034383,0.04810622055996933
CGAU_AGI,-0.0028003334468102684,-0.06399114473525137,0.003841984759024436,-0.05750522331442701,0.007694480219646399,-0.0038988865798835204,0.017405493982337844,0.02598163161018747,0.012311664662502107,-0.004361946854575602
HMY_AGI,0.03039740893494212,0.03132451574992446,0.10978410187058285,0.13597707893207014,-0.007403052826633325,-0.027053493213863525,0.025455486273938763,0.003447814565789015,-0.03904038025412713,0.000999101735200473
KGC_AGI,0.0077013285396211545,0.07368138787478687,0.013766791943938782,0.08953804199363109,0.026899324378593163,-0.0024321342796002534,0.005659090330026907,0.04059919686009871,0.010614514382773737,-0.058434359202915426
HMY_AUY,-0.0017373225445817932,0.018046082009317226,0.028703581146322377,0.021025608638610766,0.013276036716524595,0.04297250979062446,-0.024163260746216282,0.029915444711063544,0.0036463388647922502,0.011695475412855805
MTRN_CENX,0.02533826222169522,-0.06511224216557775,-0.07468061310207733,-0.05259604831442062,0.02672738531034796,0.00753679038425302,-0.019885663810982498,0.014443709167948413,0.04274274920392467,0.049403038100862474
MTRN_MT,-0.011631479569852481,0.010199591245962883,-0.006503183097512942,0.05804475138355205,0.04915830457455585,-0.04672858866903978,-0.05860005982126651,0.07443009878417697,-0.055799265150248634,-0.03337436922619838
TX_NUE,-0.01161502262329792,-0.009610334818834216,0.03252093796241644,0.006335628121696975,-0.007173799963473086,-0.043655445488594215,0.024231864657837172,0.06423983847731274,-0.026906155515733367,-0.09835766201219441
TX_STLD,0.021247103803855426,-0.019002475243943683,-0.04082685921571763,-0.03705188623796904,0.01204216558244018,-0.008625867709806428,-0.02417037745670417,0.003065597477620881,-0.004769476813464593,0.00299407420393158
