,corr_smb,corr_hml,corr_rmw,corr_cma,corr_vix,corr_oil,corr_sp500,corr_usd,corr_yield,corr_copper
AN_AAP,-0.038503788219305196,-0.07149886770218297,0.01594486294759746,-0.019108573593609082,0.029441180313661542,0.008864457597511269,-0.010414354947619742,-0.035817508393332045,0.03387926224295457,0.012369984071013104
DKS_AAP,-0.06353351780236992,-0.04359484532293249,-0.007077369484680671,-0.011482816962898792,0.012798616001797816,0.07288233313746452,-0.030816775119597628,0.034308210906858524,-0.007070132470809595,-0.005035170518493333
GPC_AAP,0.03626419740062469,0.05458712934910331,0.02930045772155502,0.07623990180936924,-0.03407011969636986,0.02787318501619232,0.015712161653735696,-0.04862108590897311,0.021903010688520064,0.06715925799952772
GPC_ANF,-0.009441715589239388,-0.0006579762686253882,0.00030151647352937,-0.013268432196008812,0.017594613388817466,-0.044415281850940166,-0.020455542983402797,-0.022121193303623894,-0.037879916827896355,-0.046937727287376885
GPC_FL,-0.02396252025882404,0.02033413723623098,0.039787692424151457,0.044188431606153294,0.0008134603907765185,-0.004947630023645087,-0.002715058805691953,0.00918333995052311,-0.016058488922897445,-0.01938693130030392
GPC_GME,-0.01637396867715965,-0.03205382358858917,-0.00010203824966407625,0.0009357390270847408,0.1122530562422602,-0.029343093172778167,-0.07690148565575453,-0.013974582454146317,-0.09390323410809381,-0.02811264871949153
POOL_LOW,-0.03778234212223066,0.00495348414672513,-0.051128484620089856,-0.0010959420755001883,-0.0044881812749503385,-0.005783128683716695,-0.02639439015837625,0.020919606105017752,0.025404790393459425,-0.03635033536599841
QRTEB_QRTEA,-0.0040201910255621125,-0.1041980521800449,-0.08980384542923478,-0.10295466892940394,-0.012426380454216986,0.01740498343646589,-0.0019777033829663716,-0.07408464418994752,-0.021648364115027824,0.004113131311502448
