SYNA_ACLS,-1.727799
IMOS_AMKR,-0.5670415
SMTC_AOSL,-3.0888927
INTC_ASX,-2.1263762
SMTC_AVGO,-3.2248156
INTC_CRUS,-2.311484
KLAC_DIOD,0.8073433
LSCC_DIOD,0.47794753
INTC_DQ,-2.008024
MKSI_DQ,-1.2610711
SMTC_DQ,-2.2411337
SMTC_FSLR,-1.3338696
INTC_IMOS,-2.0642116
SMTC_JKS,-2.4875212
TER_MCHP,-0.3840159
UCTT_MKSI,0.6747631
SMTC_MPWR,-3.2308266
SMTC_MRVL,-2.5744858
SPWR_MU,0.46173492
TER_SMTC,1.1866128
UMC_SMTC,1.8318979
WOLF_SMTC,3.2647698
TER_SPWR,-0.5957355
TSM_SPWR,-0.7633231
