SYNA_ACLS,-2.141379
ENPH_ADI,2.0823195
PI_ADI,1.9264424
SMTC_ADI,-3.7690432
INTC_AMAT,-1.469504
PI_AMAT,3.4682684
RMBS_AMAT,1.7383902
SMTC_AMAT,-2.4015582
PI_AMBA,3.848332
SMTC_AMBA,-1.467308
INTC_AMD,-1.2438884
SMTC_AMD,-1.9229717
ENPH_AMKR,2.2563965
SMTC_AMKR,-2.9124734
ON_AOSL,2.061096
PI_AOSL,1.6015238
SMTC_AOSL,-2.9738307
ENPH_ASML,0.076677874
INTC_ASML,-1.4520798
SMTC_ASML,-2.3315737
ENPH_AVGO,0.63207
SMTC_AVGO,-3.5219061
ENPH_CAMT,3.6425636
SMTC_CAMT,-2.2723475
INTC_CRUS,-1.691036
SMTC_CSIQ,-2.4984558
ENPH_DIOD,3.7037408
KLAC_DIOD,0.9782439
PI_DIOD,3.1776361
SMTC_DIOD,-3.859105
INTC_DQ,-1.3988365
SMTC_DQ,-2.153378
ENTG_ENPH,-2.2627397
FORM_ENPH,-2.1422503
KLIC_ENPH,-1.4241941
LRCX_ENPH,-2.2100792
LSCC_ENPH,-1.8183806
MCHP_ENPH,-1.299115
MKSI_ENPH,-2.0585804
MPWR_ENPH,-1.3116616
MRVL_ENPH,-2.0812092
MTSI_ENPH,-2.0875194
MU_ENPH,-1.6993227
NVMI_ENPH,-1.6412346
NXPI_ENPH,-1.6709121
POWI_ENPH,-3.1224833
QCOM_ENPH,-1.6333361
QRVO_ENPH,-2.338597
SMTC_ENPH,-0.8159976
STM_ENPH,-1.200293
TER_ENPH,-2.8637164
TSM_ENPH,-2.975486
TXN_ENPH,-1.6557082
UCTT_ENPH,-2.1943388
INTC_ENTG,-1.3218989
PI_ENTG,2.5759032
SMTC_ENTG,-3.524014
INTC_FORM,-1.4860992
SEDG_FORM,0.6434846
SMTC_FORM,-1.4135547
SPWR_FORM,0.598546
SMTC_FSLR,-1.0260041
SMTC_HIMX,-1.5099293
INTC_IMOS,-1.4545149
PI_IMOS,2.8380399
SMTC_JKS,-2.3646553
PI_KLAC,1.2445416
SMTC_KLAC,-0.27810344
PI_KLIC,2.23554
SMTC_LRCX,-2.361451
PI_LSCC,2.079175
SMTC_LSCC,-4.0007954
SMTC_MCHP,-3.9740946
SPWR_MKSI,1.166531
POWI_MPWR,-1.1744548
SMTC_MPWR,-3.9191492
RMBS_MRVL,1.1770265
SMTC_MRVL,-2.5819173
SMTC_MTSI,-4.7058105
TER_MTSI,-0.7968961
SMTC_MU,-1.2978827
PI_MXL,3.666325
SMTC_MXL,-2.6315758
SMTC_NVDA,-2.0695677
SMTC_NVMI,-3.7046375
SMTC_NXPI,-2.5800576
SMTC_ON,-0.1343113
VECO_ON,-1.8462567
SLAB_PI,-2.2177603
SMTC_PI,-0.465715
SMTC_POWI,-2.178512
SMTC_QCOM,-3.096925
SMTC_SEDG,-3.3833222
SMTC_SLAB,-2.7655618
WOLF_SMTC,4.540866
