SYNA_ACLS,-2.530204
ENPH_ADI,1.2483141
PI_ADI,1.7034038
SMTC_ADI,-1.4596081
PI_AMAT,3.8925254
RMBS_AMAT,2.0540483
PI_AMBA,3.914466
INTC_AMD,-0.9883128
MPWR_AMD,1.3738183
ASX_AMKR,-0.1306551
ENPH_AMKR,1.6310601
ON_AOSL,1.2305967
PI_AOSL,1.0523564
ENPH_ASML,3.769398
INTC_ASML,-1.2268685
RMBS_ASML,1.7931533
ENPH_AVGO,1.6685382
ENPH_CAMT,2.908247
INTC_CRUS,-1.487061
ENPH_DIOD,2.6047773
PI_DIOD,2.7728586
RMBS_DIOD,0.8283796
SMTC_DIOD,-1.2692508
INTC_DQ,-1.2166314
ENTG_ENPH,-2.0961645
FORM_ENPH,-1.2436545
LRCX_ENPH,-2.0298398
MCHP_ENPH,-0.96832365
MKSI_ENPH,-1.9825513
MRVL_ENPH,-1.7251227
MTSI_ENPH,-1.6999902
MU_ENPH,-1.5985489
NXPI_ENPH,-1.3988514
POWI_ENPH,-1.8932017
QCOM_ENPH,-1.0949092
QRVO_ENPH,-2.3836298
SMTC_ENPH,-2.5000913
STM_ENPH,-1.4048201
TER_ENPH,-2.5592506
TSM_ENPH,-2.8694894
TXN_ENPH,-1.44183
UCTT_ENPH,-1.9163884
INTC_ENTG,-1.1045556
KLAC_ENTG,1.1934596
MPWR_ENTG,1.550771
PI_ENTG,3.0421765
RMBS_ENTG,1.7760825
INTC_FORM,-1.2349813
SMTC_FSLR,-2.0613682
INTC_IMOS,-1.2039454
PI_IMOS,2.9070206
PI_KLAC,1.141113
SMTC_KLAC,-1.9098679
PI_KLIC,2.4931395
RMBS_LRCX,2.255293
PI_LSCC,1.933168
SMTC_LSCC,-1.5438485
SMTC_MCHP,-1.4008327
SMTC_MPWR,-1.9952986
TER_MPWR,-1.6766462
RMBS_MRVL,1.4505216
SMTC_MTSI,-1.4071125
TER_MTSI,-0.57805383
PI_MXL,0.18678203
SMTC_NVMI,-1.5473616
SGH_ON,-2.0117786
SIMO_ON,-0.5718665
SMTC_ON,-2.7153482
VECO_ON,-1.2010996
SGH_PI,-1.4286494
SLAB_PI,-2.470172
SMTC_PI,-3.186135
RMBS_POWI,1.7236683
SGH_RMBS,-0.9511949
WOLF_SMTC,1.5955014
