AZPN_ACIW,2.254768
EXLS_ACN,0.51278675
SNPS_ACN,1.7555586
SSNC_ACN,-0.9047458
CYBR_ADP,-0.26465154
IT_ADP,-0.7956835
RPD_ADP,-2.4314137
SSNC_ADP,-1.7220565
CDNS_ADSK,0.3875903
OKTA_ADSK,-0.54499733
PEGA_ADSK,-2.3398855
SHOP_ADSK,-0.4170067
SNPS_ADSK,2.119587
TWLO_ADSK,-0.35515812
JKHY_AKAM,1.7606318
PTC_APPS,0.78316176
AZPN_ATEN,0.68627095
EXLS_ATEN,0.38142022
PEGA_BL,-1.8506213
SSNC_BR,-0.7738446
VRNS_BR,-1.6031904
DSGX_CDNS,-0.90528184
GLOB_CDNS,-2.2620473
NOW_CDNS,-4.0534606
PEGA_CDNS,-1.0850495
SPSC_CDNS,-0.85956883
SSNC_CDNS,-1.7908748
DOX_CRGE,0.24366434
EXLS_CRGE,0.4337818
PAYX_CYBR,0.903343
WNS_CYBR,0.15424728
PTC_DLB,0.2308625
NOW_DSGX,-0.43419492
SNPS_DSGX,1.5397043
NTNX_DXC,-0.9507629
VRRM_EEFT,1.4205403
EXLS_EPAM,0.87451386
JKHY_EVBG,0.79436946
WDAY_EVTC,-0.83093756
WNS_EVTC,0.26786956
ORCL_EXLS,-1.4372207
PANW_EXLS,-0.44762474
PAYX_EXLS,-0.94060606
RPD_EXLS,-3.7883391
SSNC_EXLS,-2.0794082
RNG_FICO,-2.4051723
PEGA_FIVN,-2.3877826
SNPS_FIVN,0.007997483
SSNC_FORTY,-0.79616565
PEGA_GLOB,-2.764887
SNPS_GLOB,3.3591993
ORCL_HUBS,0.4251878
SPSC_HUBS,1.5005635
WNS_HUBS,1.1613327
RPD_INTU,-0.66193074
RPD_MANH,-0.78201663
SSNC_MANH,-0.8416615
SSNC_MSFT,-0.8280816
SNPS_NOW,0.530788
PEGA_OKTA,-0.25214416
RPD_ORCL,-0.3865896
WK_ORCL,-0.44748145
RPD_PAYX,-2.4047875
SSNC_PAYX,-1.4676712
RPD_PCTY,-0.7762509
SNPS_PCTY,1.601648
UIS_PTC,-0.50765365
WNS_RPD,1.0654494
SSNC_SNPS,-1.9698031
TYL_SNPS,-1.7139486
WNS_SSNC,1.5764328
VRNS_TTEC,-1.3824269
WNS_WK,1.2434042
