INFN_AEIS,-0.592689
SMCI_AEIS,1.5048857
SANM_ARW,1.9169984
CTS_AVT,1.7763153
POLY_AVT,0.21957259
SANM_AVT,1.550793
PLUS_BDC,-0.6180396
WDC_BHE,-0.844558
FN_CALX,-0.061888196
NOVT_CALX,-0.21969478
ZBRA_CALX,-2.75805
NTCT_CIEN,0.8079554
SMCI_CIEN,1.9707901
ROG_CSCO,1.7556479
PLUS_CTS,-0.95611566
SANM_DDD,1.4146224
SMCI_DDD,1.4129242
PLUS_EXTR,-0.54423213
FN_FFIV,0.4664073
SANM_HPQ,1.2759308
PLXS_INFN,0.79671013
MEI_JBL,-0.4281279
POLY_LPL,1.1392533
SANM_LPL,1.8979424
SANM_MEI,1.6022862
WDC_MEI,-0.8379479
SMCI_NOVT,1.5189008
SANM_NSIT,1.6660057
SANM_NTAP,1.3085947
SANM_OSIS,1.9465642
POLY_PLUS,0.4527981
SANM_PLUS,1.4305875
SNX_SANM,-1.4429684
STX_SANM,-1.847837
VIAV_SANM,-1.3629583
WDC_SANM,-1.7395747
