SMCI_AAPL,0.824938
CGNX_AEIS,0.8745069
INFN_AEIS,0.55809337
LOGI_AEIS,0.44611436
SMCI_AEIS,0.947804
TTMI_AEIS,0.3653145
JNPR_ANET,0.2537418
RDWR_ANET,0.3639553
RDWR_APH,0.4661152
CTS_ARW,0.4662723
SANM_ARW,0.61623377
TTMI_ARW,0.014694182
SANM_AVID,0.7396797
SMCI_AVID,0.7259795
CGNX_BMI,0.395348
INFN_BMI,0.20895869
RDWR_BMI,0.27672103
SANM_BMI,8.9205405e-06
SMCI_BMI,0.8915622
ZBRA_BMI,0.53336364
CGNX_CALX,0.35102186
RDWR_CALX,0.8084365
SMCI_CALX,0.93355227
RDWR_CDW,0.39486867
SANM_CDW,0.08726885
PLXS_CGNX,0.5768055
SMCI_CGNX,0.820593
TTMI_CGNX,0.60886776
UI_CGNX,0.0029263457
SMCI_CIEN,0.097801566
SANM_DDD,0.8255257
TTMI_DDD,0.3281714
SANM_DELL,0.1965372
TTMI_ERIC,0.19514972
NTAP_EXTR,0.29883084
TTMI_FFIV,0.0032550422
INFN_FLEX,0.1874236
SANM_FLEX,0.02842694
RDWR_FN,0.43871737
SMCI_FN,0.41078582
TTMI_GLW,0.24921437
SANM_HPQ,0.11210705
TTMI_IIVI,0.43191522
TTMI_INFN,0.65940654
RDWR_JBL,0.659404
SANM_JBL,0.5844336
RDWR_KEYS,0.4237762
OSIS_KN,0.0020207306
SANM_LFUS,0.23568992
TTMI_LFUS,0.034451023
PLXS_LOGI,0.91925097
SMCI_LOGI,0.98559606
TTMI_LOGI,7.649522e-05
TTMI_LPL,0.56844926
VSH_LPL,0.020015733
SANM_MEI,0.029179988
TTMI_MEI,0.104306
RDWR_MSI,0.45564157
RDWR_NOVT,0.3633011
SMCI_NOVT,0.46530274
ZBRA_NOVT,0.30368462
SANM_NSIT,0.22433235
TTMI_NSIT,0.20893441
SANM_NTAP,0.32437396
SANM_PAR,0.5549953
TTMI_PAR,0.06560809
SANM_PLUS,0.15405029
SMCI_PLXS,0.5885258
TTMI_SNX,0.3898196
TTMI_STX,0.012163467
TTMI_TDY,0.20258811
TTMI_TRMB,0.2705345
ZBRA_TRMB,0.25913444
