,corr_smb,corr_hml,corr_rmw,corr_cma,corr_vix,corr_oil,corr_sp500,corr_usd,corr_yield,corr_copper
PTNR_AMOV,-0.025743265747606138,0.013408545622621918,0.020696854135006337,0.006043787580729921,0.010805196100962047,-0.010933415020168938,0.01016776739296629,0.0034798073630355054,-0.049502941559790486,0.024502290204927994
PTNR_AMX,-0.01825314971844208,-0.005230660928599434,0.007181554023588035,-0.014844895653454752,-0.034174354228809135,0.012297226923272224,0.030425710181729466,-0.03612761274035194,0.06737362555274783,0.015391097068079389
PTNR_BCE,-0.0017268618810987874,0.0018515697986782348,-0.02288099627492074,-0.01958819018529286,-0.002823671256874972,0.013393518771321717,0.005445197628738959,-0.0170835766093265,-0.008060050631689903,0.04545283710237285
VZ_IRDM,-0.07185652992075116,0.06657957863369458,0.015488305845370726,0.054043637765812086,-0.09529112154580817,0.08458921358476605,0.09890810724125523,-0.058522663723638776,0.07118409587621069,0.04641639645399375
PTNR_LBTYA,-0.19273619732351793,-0.08977215134738745,0.03445663314769257,0.06894016333424284,0.1578958975202177,-0.053647395128532796,-0.09879199999816367,-0.002044634211826773,-0.036602331349635246,-0.05300140008494169
PTNR_LBTYK,0.03405961587514986,0.041262021753810274,0.060752402578316954,0.030526490465740772,-0.3249898391580709,0.20818806837577558,0.2672150067419835,-0.09195389541658322,0.17962027759280477,0.15766562581563506
PTNR_PHI,-0.01376257277801982,0.043102429234115266,0.056165168403148565,0.05978852062007623,-0.01583159401316508,-0.02237873980415499,0.0018544950997842352,0.020805036703666076,-0.04493105439811196,-0.014401482454752633
