,corr_smb,corr_hml,corr_rmw,corr_cma,corr_vix,corr_oil,corr_sp500,corr_usd,corr_yield,corr_copper
VZ_CHT,0.020625001512805642,-0.010216305871358715,-0.09080003649955232,-0.017891112727358265,-0.04723041885985853,0.029820064540526447,0.019925630652370765,-0.04076275697424842,0.013319205709409624,0.013742736731351322
VZ_IRDM,-0.036139801245558975,0.0064534470100259846,0.03979567191912903,0.07344886125520615,-0.23060056515868485,0.08991209266444453,0.19763139441553854,-0.06964807318427634,0.09516871669963987,0.10322334945577956
USM_KT,0.00056912131289678,-0.05398514274525159,-0.032485082662846526,-0.06282970119620493,-0.019712005153225656,0.005721977618478529,0.030924521888679626,-0.07203281223208458,0.011067320379109864,0.043756343677800964
LBTYK_LBTYA,-0.03694718050976524,0.04936162052238665,0.11605951489674364,0.0026207100557294662,0.017271990967970562,0.017785782236132315,-0.04946741136141784,0.06343287826370694,0.005038166184044605,-0.021709432141101003
VZ_SHEN,0.02556518246045617,-0.013411148587883693,-0.038455740561271295,0.06273641608108356,0.0092309518198479,0.00842786013583386,-0.0310850661829622,-0.036181908137175034,0.01210536559232669,0.046390137601679586
VZ_SKM,0.017555803058716363,-0.02604056564458367,0.02689301841919336,-0.0782741517293307,-0.015036828754844713,-0.004799314433749428,-0.006572624360753459,0.04949295025270412,0.07674773938539677,-0.0066525908972071696
VZ_T,0.005070735926581412,-0.023555770848434597,-0.010912357159451942,-0.021577913407951725,-0.02231850604874703,-0.026864728789355183,0.03333620185006114,-0.001329499005859417,-0.005305450476112879,0.006792761201755249
VZ_TMUS,-0.0009036770011737064,0.05322448492960085,0.06010376667165856,0.10573076027781166,-0.20013936878004424,0.08874640472876205,0.15943586399482487,-0.07139093906346698,0.08929142769083272,0.07575866813352869
VZ_VOD,0.01829517496010351,-0.04486804931864382,-0.020977322678036567,-0.034578614760370975,0.009099834301586479,-0.00042538814605549047,-0.0006756186074934075,0.013942451320096536,0.010321938309400083,0.0002031437698550214
