,corr_smb,corr_hml,corr_rmw,corr_cma,corr_vix,corr_oil,corr_sp500,corr_usd,corr_yield,corr_copper
VZ_CHT,-0.017882648715568623,0.0072578062707359114,-0.008049383728531954,0.008383414034499452,0.013567554125823684,-0.007722860493564345,-0.044127724567413915,0.019253459512132778,-0.07149344454771261,-0.009586481629447745
VZ_GOGO,0.03259921513064211,-0.006201196148771473,-0.00886700420999949,-0.03333575639185559,-0.10218804359930041,0.008353659583651637,0.06656745063196223,0.03856493960397136,0.03970780601151804,0.010653120027139393
VZ_IRDM,0.023181773501393728,0.026495043903514717,0.021276609563375244,-0.045294882758597686,0.15251823658179472,-0.12335059225166274,-0.09336077185290122,0.01482574759944061,-0.07422638929078317,-0.04518651738453481
VZ_SKM,0.07111291852135165,0.05413141129153542,0.02956555615239617,0.003385960895810204,-0.0994361211711621,-0.00892516613320459,0.05853707635067548,0.0529444674667215,0.004565032291420624,-0.017091406334150187
TKC_TIMB,0.09002413148556619,0.032559862127963746,-0.017585957626588124,-0.002967250426950693,-0.009108752184311305,0.053506200018270444,-0.0069708430878069804,-0.06344345351090043,0.011525546903638923,0.02296362920682007
VZ_TMUS,0.03751324249753006,0.01592340971926106,-0.05485703415110488,-0.0212630280228256,0.06672441435193983,0.023926774757630984,-0.08989730332086544,0.09161477259638963,-0.027608776487681484,-0.0024584927907912004
VZ_TU,-0.018014923969335447,-0.012954587863377253,-0.016462492756080138,-0.019093189860249004,-0.023514792120839897,0.020146356366342672,0.01001121850038208,-0.01857741876637213,0.02441769463193954,0.07178962259120639
