,corr_smb,corr_hml,corr_rmw,corr_cma,corr_vix,corr_oil,corr_sp500,corr_usd,corr_yield,corr_copper
AMX_AMOV,-0.012441871673700356,-0.013819416414970342,0.007510691305855574,0.05245605517716449,0.016862139577875867,0.014437225275122607,-0.034883614252475915,0.003874138917643462,0.03691875183987097,-0.008463760265496369
VZ_CHT,0.0019132686492201215,-0.029333515663040554,-0.030212828310613754,0.006944525342479983,-0.0006876820102020272,0.0002117382242238208,0.0078008572890838545,-0.01054180675269817,0.0038291946213618723,-0.015087770346940277
VZ_GOGO,0.02984716518692177,0.004730735413954225,-0.0010893974184148548,0.008148626398307879,-0.08700514438619442,0.01687901480335021,0.07892236935966246,-0.025518045581635108,0.02868236603728285,0.05564628480517399
VZ_IRDM,-0.033525612142711096,0.07545129194839112,0.06874614503954067,0.02608365454067601,0.009752133289116895,-0.0037160262281648007,0.005624372385158111,-0.054866790324760294,-0.03754177487759066,0.03992998341427556
VZ_TU,0.027891174191760664,0.05885528408323778,0.04577797423145017,0.004243694568700062,0.04162366924823474,-0.006265046796718677,-0.0419115784627746,0.020427373736068812,-0.046069373414861545,0.0038349717773087737
