,corr_smb,corr_hml,corr_rmw,corr_cma,corr_vix,corr_oil,corr_sp500,corr_usd,corr_yield,corr_copper
VZ_CHT,-0.012619491290559138,-0.0070846001446497825,-0.027288379656609747,0.006785531113879475,0.04874903023307215,-0.016211138864555937,-0.007093989171100792,-0.04077010679507123,-0.027808925611827528,0.01741659477937869
VZ_GOGO,-0.019156971360264764,-0.022603007369837703,0.004457868959610632,-0.04335008054262216,-0.02780610604940955,-0.027442764434874343,0.04949751833945876,-0.03809241729014733,-0.06035228505203792,0.012272571253765959
VZ_IRDM,-0.019231053824633103,-0.027464628875674944,0.0012783995849556798,0.0033861100289738866,0.0008920133382891272,-0.00615939194224001,-0.0015764336107404013,-0.027031352215737818,-0.02365305109518478,0.008881811837772011
PTNR_PHI,-0.05020281730259401,-0.04146354508864649,-0.03111395734007892,-0.16118104065881328,-0.04700790210173445,-0.009966744151503304,-0.0003480609985228439,-0.0039060198091551584,-0.014356084905640701,0.00470685506833554
VZ_SKM,0.041273488754817254,0.043075350412798606,0.01996527347681873,0.07328358327612682,0.006635435664737685,0.034272485556836034,-0.0393702578676673,-0.06360990995418905,0.09151570628784748,0.10632391927181949
VZ_TMUS,-0.047913829403716614,0.04403305305687704,0.035990134750115976,0.08495834152789299,-0.05158230264667186,0.01639182653115888,0.020552493481983215,-0.0012808676010089507,0.018441250023884286,0.0750707255304102
