,corr_smb,corr_hml,corr_rmw,corr_cma,corr_vix,corr_oil,corr_sp500,corr_usd,corr_yield,corr_copper
JBLU_ALK,-0.021150361274660776,0.0037096591631130735,0.03955494718894321,-0.01339275846353123,-0.0073641686167862305,-0.014425396546243396,0.01713571868307592,0.08502946697823396,0.03481758348973073,-0.08123028178828895
LUV_ALK,0.03734336185516952,0.05280651710518878,0.057280098725667014,0.021847342589902168,0.05409465361485015,0.009390622544165794,-0.0113817970773699,-0.03591934619981601,0.03265684412387794,0.0796001051872393
JBLU_ASR,-0.008143692236636111,0.04126121696575925,0.049364328733446296,0.02727771360762443,0.012600935713377153,0.048629112889362315,0.0628725868269079,0.03019110730805074,0.11396554916956934,0.06243175874172717
LUV_ASR,0.050193301118230546,0.04511870096020147,0.020327188767591212,0.01822899263665121,0.03613683795257862,-0.010284264118637221,0.017557279625287078,0.03565959606085942,-0.011969922464857053,-0.006637806685053329
DAL_CPA,-0.04379438755519961,-0.03271359622335026,0.0031023939395151473,-0.027985487019531647,0.003747358081546369,0.034359301581964784,0.026665036593046705,0.03494138331461727,0.09575885131330275,0.030626300780197725
SKYW_CPA,-0.019422794630300392,-0.04520801705146934,-0.04689373578318119,-0.022054001384812234,-0.05050319328302844,0.012257850795402075,0.03717945472617227,0.006926026590265762,0.004757143695271884,0.012756989201923575
OMAB_DAL,0.009947656662181639,0.012731056357461917,0.02954762619589014,0.010660273257891727,-0.047009393380990146,0.018230881457901495,0.012504351219559538,-0.005382609433853668,0.01965584525933824,0.005487263787497642
TFII_EXPD,0.025122336998852458,0.00936162690401288,-0.0281328216599877,0.012376082426420425,-0.01849484542516106,0.02707842232450501,0.02164748152896471,0.0019547060490481684,0.02782819718047634,0.02429977281616408
SKYW_OMAB,-0.033828141145094665,0.05797602229822072,0.04459570145171992,0.04377837057167414,-0.0003168838168968239,0.004570789622406681,-0.0677125964380597,0.06291346728735597,0.12685453754811532,0.038409904460239126
