,corr_smb,corr_hml,corr_rmw,corr_cma,corr_vix,corr_oil,corr_sp500,corr_usd,corr_yield,corr_copper
JBLU_ALK,-0.03977371439186034,-0.056532097240422366,-0.028535634738069773,-0.1741726085942263,-0.049598496479052866,-0.02198483898201125,0.011717732245620342,0.020552645712760814,-0.027356412585191333,-0.025521598527316863
VLRS_ATCO,0.07924581033508868,0.006801014005132346,-0.011296210929499078,0.010987643038992446,0.03654222266665431,-0.012362365133555934,0.007065389387480594,-0.0044418874749456595,-0.07602279389155424,0.004274638267516447
HUBG_CMRE,0.009760460591748921,-0.028359405052284233,-0.009397020403118054,-0.028241379054473673,-0.01113958362130777,-0.008898024162223864,0.010406051877512543,0.0331078167933102,0.04110131299646086,-0.0012365659670951063
RYAAY_CP,-0.03484927777599526,-0.013183243840382065,-0.006542502236480738,-0.02831300791396714,-0.008224331699295602,0.02967422660085423,-0.01932647677407023,-0.0306220645164169,0.06471492413598934,0.01856387062295011
JBLU_CPA,-0.0010361754319026559,0.07451614984519672,0.024758498295427683,0.014110626799877705,-0.007518824593745934,-0.0023784738770112417,0.009629968142756996,-0.00539429873085879,0.022415423873606052,0.018024541093184698
HUBG_EXPD,-0.023055397377963777,-0.029560010601696288,-0.012504533978026477,-0.015008871371129924,-0.002842492580904386,-0.012104335396811206,-0.017271314226395797,-0.0005948156024008866,0.009826503124923633,-0.012296835322837122
VLRS_FWRD,0.036845911398645764,0.006811464672924342,-0.05256724582186474,-0.005166587548585438,0.010975085782029822,0.049811088408126675,-0.02885512744548452,0.014404288366997245,0.014362977427535421,0.0447430620942012
SAIA_HUBG,0.011747908669238707,-0.0046300701952431715,-0.001495607019298759,-0.008609872452333852,-0.001630819577325182,-0.011862581611480169,0.011147410874355954,0.01483124483438127,-0.01314211463094898,-0.006266837130673964
