,corr_smb,corr_hml,corr_rmw,corr_cma,corr_vix,corr_oil,corr_sp500,corr_usd,corr_yield,corr_copper
JBLU_ALK,-0.018347384586112507,-0.02758060852321097,-0.014205912373415687,-0.032828966948155326,0.01603595122583514,0.017098420274250438,-0.011836355548142344,0.02125416407316444,0.019866208069270298,-0.030932183055841635
TFII_EXPD,-0.0027495151065085144,0.029707438741693386,0.04470176214387253,0.08971294902336878,0.006714352500434454,0.004865994250121551,-0.026478538174121213,0.0005760591923649335,0.012077939247232952,0.0018535975384178587
