,corr_smb,corr_hml,corr_rmw,corr_cma,corr_vix,corr_oil,corr_sp500,corr_usd,corr_yield,corr_copper
JBLU_ALK,-0.019359845441852052,0.03346393867527555,0.07380163420369361,0.024384554035439585,-0.011295198964726002,-0.00417196535578917,0.014283895423546134,0.061842366117074686,0.010967846013807141,-0.07087275023076033
VLRS_ATCO,-0.029791886847878382,0.01108017629128586,0.044314884805590475,-0.010219509181400487,-0.003396065820318514,0.002556393913598774,-0.011464685155858035,0.041577252225213523,-0.0038223239527560844,-0.06339516366057854
JBLU_CPA,0.030951970942838376,0.007469827088871017,0.02068363899616795,0.009688613057739279,0.015499680987856104,-0.012264817112849375,-0.011240099026801774,-0.006139938959937774,-0.01093943728604348,-0.01780451995616498
SKYW_CPA,0.022307181383235612,-0.067328434786905,-0.08726559375917702,-0.02549749475781884,-0.009838249758707071,0.03048473880948929,-0.007628185955520636,-0.0024545639712566627,0.06842924657634347,0.0513101028126177
