,corr_smb,corr_hml,corr_rmw,corr_cma,corr_vix,corr_oil,corr_sp500,corr_usd,corr_yield,corr_copper
ORA_AZRE,0.003234206325786779,-0.02985399927100942,0.021897364273175637,-0.08921417234472152,-0.044569041937508456,0.06553502433323735,0.10537933248720932,-0.02571123871690595,0.09185706712137312,0.07918856895834207
NWE_BKH,-0.04303114917976775,-0.04428486522419445,0.009653568223502265,-0.005887593935929212,0.01706299435637925,0.0038698001487556637,-0.01740459053170985,0.05939522188473394,0.04859003636205476,-0.0534874003535879
SO_FTS,0.01658930463984628,0.01730680647159997,0.017487109955624126,0.019896848046435586,0.004025853968363373,-0.02292454277607971,-0.012537549573910194,0.0703184855124034,-0.014928549590358513,-0.07855129036485053
PAM_HNP,0.032197424421865,0.020196521733825024,-0.017055571144925855,0.024325701998006485,-0.04548383164581202,0.0081851836041685,0.04813984795825633,-0.044075991206309395,-0.011886835629003636,0.03087786336302309
POR_NWE,-0.08063571621230475,0.09760343010251923,0.07218761393849264,0.03393830674000943,0.1854995193567947,-0.04664428144729167,-0.09162813152088209,-0.011064830391921354,-0.07157959749089207,-0.012789376809761797
