,corr_smb,corr_hml,corr_rmw,corr_cma,corr_vix,corr_oil,corr_sp500,corr_usd,corr_yield,corr_copper
FTS_AEE,-0.06406004039717492,-0.033766929095726775,-0.029167631264404945,-0.021567075665693585,0.017629984589717342,-0.0017855351427878588,0.007324749646956951,-0.03825241418837744,-0.020372539724224297,0.05251708556357277
EBR-B_ALE,0.04734308751107593,-0.017929296183431902,0.03029906901914857,-0.031424556117442395,0.12597536683883617,-0.05228061996927143,-0.08274058488676178,0.04400780971616899,-0.06333507633786081,-0.03940584154065097
PAM_ALE,0.025038523966857993,0.04371570317479112,0.03127585008431566,0.04756209207420808,-0.005986768114507465,-0.006841286545740408,0.010163021083466709,-0.04322814650491554,0.03401567955717882,0.04365444668630442
ORA_AZRE,0.019418173419026078,-0.02939396478712745,-0.019270790693929077,-0.02336902370780096,0.02312041842777957,-0.01113497329215495,-0.006910280091168298,-0.021534293178025684,-0.06423014485484883,0.04145101474934628
NWE_BKH,0.03825140587033246,0.010877985727960369,-0.05834134285704741,-0.004755183722187494,0.031175836120045597,0.03565829455063079,-0.05152919876160944,0.07829166001176115,-0.00607697308666983,0.017867336009857553
PAM_CIG,0.021120836452160945,-0.03396412470332924,-0.02410787554337106,-0.030248556629156303,-0.005882444954287025,0.03551307021656021,0.040558398867007905,-0.06509615850545293,0.006536918040181382,0.05351411210360074
SO_ELP,-0.06554943855674882,-0.06658119728849685,-0.022978457345673532,-0.029031386704034587,0.026072516576223122,-0.07691833233047374,-0.06376163871696278,0.08827908537887752,-0.041256351524049224,-0.04479189728334081
SRE_HE,-0.0012979210654631148,0.03517281301583178,0.026319005126454905,0.009433657136262676,0.009302972057469914,0.001155240663795218,0.015555159194167511,-0.01785080722066954,0.03386285245895797,0.011342239621249476
PAM_KEP,0.030845412321387516,0.03151320101286448,-0.013922889202200344,0.06076287159051356,0.03477586776538017,-0.002865712855623976,-0.029544827992951304,0.04016274289949262,-0.001618938327093382,0.03312944338157612
