,corr_smb,corr_hml,corr_rmw,corr_cma,corr_vix,corr_oil,corr_sp500,corr_usd,corr_yield,corr_copper
FTS_AEE,0.026891519037495624,-0.011799622771764409,-0.03651099960368474,0.010678593158189201,0.0377039940761577,-0.018744176257086468,-0.025266368833456322,-0.002340455908981454,-0.005824411406941087,-0.00902315776729684
NWE_BKH,-0.022256158400767955,0.0006178285558305713,0.02500503855906853,0.07347179268824575,-0.0015470468294124654,-0.036746956466778946,0.004039936452524948,0.02284805262681106,0.030704178952732645,0.007801482255115475
SO_FTS,0.029816332272810754,-0.022735815878111246,-0.01810216663608878,-0.02146853987619857,-0.015750253229619426,0.016630814060992292,0.038265832937263905,-0.0243585187473805,0.02909991046934063,0.03137426147506608
SRE_HE,-0.023608732233963484,-0.01142660263870657,-0.046013830398786905,0.06957184838789063,-0.003738310250625899,0.01754368194771285,0.015092915188807,0.04337496644108551,0.03953666246809559,0.011372942475391123
SRE_MGEE,0.01575109175354239,-0.012966760039268941,-0.020706409887323505,0.015744043870154666,-0.04610651037069704,0.019378952316213872,0.051514638217375355,-0.051808781014435666,0.0008036499909967133,0.017124753539067034
