,corr_smb,corr_hml,corr_rmw,corr_cma,corr_vix,corr_oil,corr_sp500,corr_usd,corr_yield,corr_copper
HMC_ALV,0.009778880079080236,0.007770010664048775,-0.015012304900701661,-0.02533767490965946,0.004508699757008881,-0.013254872869024152,-0.006197513816965824,-0.04046187183940028,0.007293748511398046,0.04586223107285867
HMC_BWA,0.006084241805713511,-0.03325255364102746,0.015134777086953972,-0.020867444675234506,-0.005271982965329978,0.00375692432173283,0.007309405420160571,-0.012746322432100273,-0.014794933893511015,-0.008651990813771222
