,corr_smb,corr_hml,corr_rmw,corr_cma,corr_vix,corr_oil,corr_sp500,corr_usd,corr_yield,corr_copper
BWA_APTV,-0.028317838491741163,0.011600449391955038,0.006636856992633192,-0.006336580145276192,0.007850049016038271,0.0005633441287118218,0.020798279804631083,-0.06689362287534172,-0.05608108642711724,0.04376640347563572
HMC_BWA,0.0103697417306104,0.012322225631159995,-0.03545535517935205,0.02440388495493721,-0.004152700675903989,0.003262346107381446,-0.03997204836852714,0.011950605237043619,-0.04991679908851677,-0.013683461256228777
HOG_GT,0.023467535788998694,0.07194871523793898,0.04412288012362658,0.07397401871020332,-0.16962323709964372,0.0721281542195285,0.1129477885953003,-0.06766042402943172,0.03613191235747093,0.13126180067363946
TM_STLA,0.050777481009157806,0.022414358656432404,-0.032818222041076886,0.033224919012985694,-0.016861950901037696,0.005323813800445138,0.00013541583265954275,-0.03699121168016581,-0.02073783563964363,-0.009259278636017387
