,corr_smb,corr_hml,corr_rmw,corr_cma,corr_vix,corr_oil,corr_sp500,corr_usd,corr_yield,corr_copper
APTV_ALV,-0.017278003981863008,0.002260377402555024,-0.060554082969822606,0.010032278383666285,-0.09745017952258922,0.05113777205034863,0.07613019010265581,-0.011317373001508042,0.08576507669028814,0.06119993869313178
HMC_ALV,-0.05230159910365405,-0.03508599327745132,0.0012887850335584303,0.007876283588849977,0.08743890417697994,0.029490355873970694,-0.03707423359550286,-0.014136388660640908,-0.009387472617639371,-0.0420549370320665
LEA_ALV,0.0052650014376315595,-0.0026853113903345205,-0.007176286318675472,-0.02870717988494129,0.004557056091176861,-0.019651035028859665,0.011801159704476866,0.027878626083333108,-0.02501522727319836,-0.05144209633990164
HMC_BWA,-0.026823735059459577,-0.013139194286475647,-0.017083174314029448,-0.010825087885391167,-0.00936480698326921,0.025104086555906846,0.02476031061306766,-0.045434596369377786,-0.010184758199655116,0.024534676303317668
HOG_GT,-0.030891596503376455,-0.03527947306584342,-0.03645775536858642,0.0021380022312146793,-0.06730542180862183,0.002547342422685111,0.046002813262564474,-0.02406724813450776,0.013928739848668534,0.03940752946473827
