APTV_ALV,0.33204
BWA_ALV,0.74758714
HMC_ALV,0.8334228
LEA_ALV,0.67080516
TM_ALV,0.031745844
BWA_APTV,0.3351425
HMC_BWA,0.7179501
HOG_BWA,0.2593486
MGA_GM,0.2522168
HOG_GT,0.96961766
LEA_HMC,0.80973935
