FCNCA_BAC,2.206913
IBN_BAC,2.0174558
SHG_BBVA,-1.4587213
BSAC_BCH,-1.1706876
PB_BCS,0.13649906
PNFP_BCS,1.535569
FCNCA_BNS,2.3825788
FHN_BNS,1.8895055
FITB_BNS,0.45792815
PNFP_BNS,1.826607
MFG_BOKF,-1.3520036
SMFG_BOKF,-1.4670703
TFC_BOKF,-1.234442
WBS_BOKF,-0.4637734
MTB_BSAC,1.62216
ITUB_BSBR,2.4238324
IBN_C,2.151609
CMA_CFR,-1.4003421
ZION_CFR,-2.3977613
TFC_EWBC,-0.9196615
JPM_FCNCA,-2.5922825
PNC_FCNCA,-1.20267
TFC_FCNCA,-1.4211378
NWG_FHN,-0.8879715
SHG_FHN,-1.6150775
SMFG_FHN,-1.1408215
TFC_FHN,-1.7789834
PNFP_FITB,0.67515427
MFG_HBAN,-1.3083029
SMFG_HBAN,-1.1970781
TFC_HBAN,-0.79624766
MTB_HSBC,1.991409
JPM_IBN,-2.315769
TFC_IBN,-1.3536643
PB_KB,0.40688324
PNFP_KEY,1.2996584
SNV_KEY,0.57313436
MTB_LYG,2.4448764
NWG_MTB,-0.51173306
SHG_NWG,-1.7558589
SMFG_NWG,-1.1231214
PNFP_PNC,0.22022869
TFC_PNFP,-1.0296917
TFC_SNV,-0.58119684
