,corr_smb,corr_hml,corr_rmw,corr_cma,corr_vix,corr_oil,corr_sp500,corr_usd,corr_yield,corr_copper
IFF_AXTA,-0.006881834795925335,-0.0023953771683588093,-0.011123761356682095,0.024183794967269988,-0.014998300382346024,0.04243253324935728,-0.02577767710989527,-0.0487480139623897,-0.007974981654338121,0.009016801608012067
IFF_DD,0.05141804354617211,0.009939734216005648,-0.032238113151945115,-0.022658494161939734,0.003906271928526422,-0.006457402316591968,0.019071743271234495,-0.028438931725138783,0.0075948765447734845,0.03852002018473003
