,corr_smb,corr_hml,corr_rmw,corr_cma,corr_vix,corr_oil,corr_sp500,corr_usd,corr_yield,corr_copper
SHW_LIN,0.030454353933184648,0.056706626056502014,0.0350210471505561,-0.014247051280788774,-0.09627647285620378,0.061498044665429706,0.033581360100254316,0.004860373164829486,0.0709912790505887,-0.0023572273398141316
