,corr_smb,corr_hml,corr_rmw,corr_cma,corr_vix,corr_oil,corr_sp500,corr_usd,corr_yield,corr_copper
LDOS_BAH,0.03265802155438436,-0.02164606085956837,-0.03792981471784216,-0.012508623412027001,-0.002184482286141999,0.038690912046651565,-0.036530783553660205,-0.005556624450584175,0.044428952200907285,0.012911737453463332
VRSK_BAH,-0.04644862224051849,-0.04284193377528712,-0.017783694477579232,-0.03015052505314303,-0.022587717094881277,0.036675763900940433,0.029667808498764346,-0.08080921979267049,-0.02351879997939029,0.054638995572775094
CTAS_CPRT,-0.03386551673725504,-0.005620713741353353,0.051761562783807044,0.0025799247199977614,-0.03786633390019093,-0.024935927860851796,0.061105049337240834,-0.02982268797820715,0.030552078491476883,0.00850921271579833
WCN_CPRT,-0.00748518301793806,0.059085170498307395,0.04947742729527209,-0.005701661495038808,0.09085088172972132,-0.047372166074644645,-0.12891358333466102,0.07154558052570124,-0.056572370825161936,-0.07363355416135575
NLSN_MAN,-0.11282216733466804,0.014535564831108733,0.02458752673502069,0.046115070652712045,-0.14340313373212538,0.044629400481367,0.09305256438238278,-0.026271677006103458,0.04542737546055566,0.03167602886619638
RSG_RELX,0.047283930091666135,-0.030730174462504027,-0.013205616348955111,-0.07794663900212954,-0.008843044890107071,0.007859402342420321,-0.025668091021952343,0.04930218213951646,-0.004883991411512157,-0.0435266722887691
TRI_RELX,-0.036431097274213356,-0.03209411585065649,-0.006656684770498527,0.014419652872493286,0.0016586873678637588,-0.02150787012565114,-0.01375043397280858,0.05460889438363926,-0.04661356110519027,-0.10665687229977247
WCN_RELX,0.01762270527928653,0.019467809797526187,-0.043488848524960357,-0.017749554344413623,0.01266763435516891,-0.01803977687727992,-0.021792768851912874,0.008698719439412427,-0.019303135327625166,-0.002121717612151982
WM_RELX,0.004139324775812643,-0.035358181050622293,0.009497900387325077,0.015958491780785917,-0.02828711193889194,0.010699840794415704,0.022851700251222844,-0.027816567749707904,0.03230642917437767,0.04719029297366769
