,corr_smb,corr_hml,corr_rmw,corr_cma,corr_vix,corr_oil,corr_sp500,corr_usd,corr_yield,corr_copper
CZR_BKNG,0.03242044678376706,-0.018519957260961277,-0.06574938402606507,-0.03315543263541542,0.009866783103097373,-0.0259342186544608,-0.021525908875966077,0.005315180879831459,0.006491042577546199,0.010537446365958046
MTN_BKNG,0.0052382036598456645,-0.011855067624478917,-0.04156841894389247,-0.03217770462586115,-0.027746100745889235,0.023370911920594897,0.02467698291589116,0.011316858368711161,0.05012068954573379,0.00626170224399021
MAR_H,-0.02457485021901041,-0.034807367175411774,0.012919219212927645,0.016422673889975335,0.013479052295845987,-0.032847372332030195,0.004630613243456008,-0.027461982805440602,-0.009141484051608445,-0.01080088569493671
TNL_MGM,0.005217208029730819,-0.01838064596832045,-0.002124737467343059,-0.022398365325473665,-0.01968725906993179,0.004240498481972468,0.01703197768800375,-0.0070540998386477835,0.015371758274319825,0.034909768441506374
