,corr_smb,corr_hml,corr_rmw,corr_cma,corr_vix,corr_oil,corr_sp500,corr_usd,corr_yield,corr_copper
PHM_GRMN,0.034254934180646596,0.04432779450769686,0.025782114304727,0.005979484657785763,0.013932920515424873,0.00022903321440030723,-0.004688558378550172,0.017155209355736147,-0.019954022513362025,-0.01396138129469582
PHM_LEG,-0.012081200877720086,0.020704122567416074,0.03409224800685105,0.013477029658641513,0.01657685912200259,-0.003168290744699148,-0.017186311122529146,0.00812228238102664,-0.005251349773468731,0.0038537845760374385
PII_NWL,-0.04230827245778223,-0.018615908228612466,-0.07411937098460153,0.0260196439653615,0.0236095660696176,0.027325230754214322,0.00907688777179532,-0.03384944560116079,0.00647730130142398,0.037682227446832854
