,corr_smb,corr_hml,corr_rmw,corr_cma,corr_vix,corr_oil,corr_sp500,corr_usd,corr_yield,corr_copper
COTY_ABEV,-0.016115435120631957,0.0216133374091415,0.01993123428746924,0.011425481951118982,0.013164353591700073,-0.03364554385212405,0.0033548272674681517,-0.008443979504289652,0.011481083609711378,0.006127233080475851
MNST_CL,-0.00286601101461345,0.014151399562801053,0.016901043259279925,0.026403422280750016,-0.0022501235327553595,-0.002679307154315319,-0.015748994597750653,0.04195490005277306,-0.01863312904892847,-0.02786139053619062
