,corr_smb,corr_hml,corr_rmw,corr_cma,corr_vix,corr_oil,corr_sp500,corr_usd,corr_yield,corr_copper
MNST_CL,-0.0797222409038917,-0.025942076747983028,0.004714701777252018,-0.016905292524894314,0.010721857162050152,-0.021881683564484687,-0.0041480067573331034,0.01076615591296005,-0.005337840085318942,-0.0009299784655210966
TAP_KOF,-0.05615972315736329,-0.02912207077564524,0.0016207632019563673,-0.03221640679179115,0.01491353677634128,-0.005257687467506683,-0.0060816362145827505,-0.014517027844362245,0.007570291704510977,-0.0008490006178921096
