CZR_BKNG,-1.00105
MTN_BKNG,-0.19855872
SCI_CHH,0.8208138
HTHT_CZR,0.73000014
SCI_CZR,1.8964897
MAR_H,-1.0779121
PENN_HTHT,-0.652389
TNL_MGM,-0.8135911
