,corr_smb,corr_hml,corr_rmw,corr_cma,corr_vix,corr_oil,corr_sp500,corr_usd,corr_yield,corr_copper
CHDN_BKNG,0.03932183599783713,0.028184982734433157,0.014366910091672604,0.004005777048171258,0.03203301543713452,-0.030460375400881784,-0.03356804171062464,0.010671587268794441,0.02516520603556854,-0.06840128355737074
CHH_BKNG,0.019510543996267803,0.02223235644892312,-0.020154832009775976,-0.00187629384942897,0.009591790569467877,0.009562021221621522,-0.013036418792689863,-0.037502268360537466,0.028907481179172675,0.06109527241968402
MGM_BKNG,-0.030617923585933616,0.00520669627616524,-0.0002869622243033774,0.028665037783221044,-0.04272716960861399,-0.0025176503977584587,0.05161058930043883,-0.016478158242204492,-0.020996800950564075,0.009879319664989492
SCI_BKNG,0.0714889988481402,0.018633742471365344,-0.02615249592100465,0.043410409089794835,0.019180726258602523,-0.0019262820044501716,-0.021249599231843642,0.022678628428518446,-0.012333653733318422,-0.0226146808748038
HRB_CCL,-0.009280724745140044,-0.04287952381073104,-0.039389917131437295,-0.02680945381127876,0.06263519869239416,-0.03824467580671315,-0.05515734326269048,0.03097320963241882,-0.03222108839983578,-0.03730080434285019
EXPE_DRI,-0.020004177928045742,-0.010511759720135485,0.005055987262762598,-0.030758048431431158,-0.01205871494506817,0.010325568689452677,0.000874452266946706,-0.004417241459841855,0.03912566059283308,0.0013317555016367083
IHG_DRI,-0.02201393247075714,-0.009600517823390144,-0.0008268347939337848,-0.021084128696525088,-0.0014982590923080326,-0.014965866527317169,-0.02429798102583814,0.02491343094747058,-0.020263616283987172,-0.03172189345020321
