,corr_smb,corr_hml,corr_rmw,corr_cma,corr_vix,corr_oil,corr_sp500,corr_usd,corr_yield,corr_copper
LEN-B_BC,-0.012550680641751818,0.015254174353007391,0.009552692042072616,0.034069887209010274,-0.003684402005415911,0.010287460616118719,0.01911783028079755,-0.0572013026844935,-0.033495977532483415,0.014618326387806718
GRMN_DECK,0.03483270730866856,0.029218164155684068,-0.009780440029131171,0.013986310143584016,0.0036087766239457776,-0.00666226357707961,0.004539002853497458,-0.004272462280274093,-0.0028760554965830804,0.017912370394738465
HAS_GIL,0.05165284651068539,0.028788047321103037,-0.04847578596203873,-0.020274865655684732,-0.028143119709206632,0.014946107011844754,0.04529668780305401,-0.03248959500889559,0.05094917545385646,0.024087447823621693
PHM_GRMN,-0.014910669529885541,0.027785132966788844,0.01857735744071767,0.07194593881085766,-0.0029341108910134243,0.03512083619067811,-0.0010880101572962786,-0.0673834710703531,0.029595377189086915,0.07497736288221653
TOL_HBI,0.04013435781850109,-0.04645088302002756,-0.04685561867177445,-0.07671321072982233,-0.021161318549759663,-0.0176895416311819,0.04909393295482981,-0.06608193576453934,-0.03642244042135337,0.05225707770739234
PHM_LEG,-0.04089058660380203,0.0033689951657212176,-0.007605852579200235,-0.012221908486831466,-0.0073285126477870745,0.017505749249088785,0.02638954411080438,-0.037732285316219805,0.032852603995893855,0.03889622746869021
SKX_LEG,0.0017954038600491633,-0.014183342170998408,-0.0197254078073499,-0.0009103390392101059,0.04558582336411618,-0.009298720957752532,-0.035235920338278194,0.01181672520585615,-0.05640529327489781,-0.024903798628400326
SONY_LEN-B,-0.0011205743766020942,-0.006930290288518944,-0.007955601822238059,-0.015621433289551352,-0.0076887641516015385,0.0077783834354808335,0.015902393321956507,-0.01400202986361193,-0.0005691261741635863,0.02345291100007558
WHR_LEN-B,-0.022349317033759926,0.00871068441527436,0.005322646643356619,0.044201494465833914,0.03787078084895587,-0.00809687032111665,-0.05231012398534094,0.06358500619353093,0.024196929361718557,-0.030944316721354916
