,corr_smb,corr_hml,corr_rmw,corr_cma,corr_vix,corr_oil,corr_sp500,corr_usd,corr_yield,corr_copper
MKC_HRL,-0.001080323736340645,0.030718856163449625,0.06640225315768274,-0.015100219870106566,0.04549628419107045,-0.028372205967593694,-0.015882641612217734,-0.05174989047868573,-0.08233243853086536,0.009802299741926047
MKC-V_HRL,-0.003180608858680091,0.04683577020439546,0.05155772959065928,0.05606670953206913,0.10730109438425538,-0.04715705406670485,-0.08108809410879886,0.0067439030426333394,-0.024958550297547646,0.026629722268587595
KO_HSY,-0.0028145185549454704,0.02541642203899016,0.05175444950232582,0.06765882845105146,-0.013237464073515505,-0.011953279749034455,-0.0038853127467477536,0.020424684523191298,0.03529553540050227,-0.006704187362897519
MDLZ_HSY,0.009324515382192854,0.006111153025689642,0.0037710974216012623,0.029228879881850814,-0.009147590829787298,-0.01824834930314179,0.013904294151251637,-0.014664183255899686,-0.029203046249220762,-0.027423703218886923
SJM_PM,0.03295157339414633,0.012706389582411591,0.029050558997922662,0.08102407947482704,0.0020058122821175776,0.019674012130951914,0.014306931928486566,0.003927802438010874,0.012775017759411575,0.02323857584013113
