,corr_smb,corr_hml,corr_rmw,corr_cma,corr_vix,corr_oil,corr_sp500,corr_usd,corr_yield,corr_copper
CZR_BKNG,-0.029241194051574184,-0.010090164391663025,0.040758437754023616,-0.020705246795082934,-0.005161553455740317,-0.002875602710222775,0.012117454315388087,0.013105323039541355,0.008394342466311374,0.0036323744434962634
MTN_BKNG,0.006686603170647497,0.021077937865625892,0.005101069658270758,0.006558719748726602,-0.008717369929814324,0.019178019354571443,0.0035061040402948533,-0.03736668850862109,0.0067659438168425415,0.02951188363900296
SCI_CHH,-0.002869682675569168,0.029484699707095247,-0.021250352204634677,3.627425526791087e-05,0.003628432405088663,-0.013435638330970268,-0.013867499558548853,-0.027595079440403576,-0.06410259278558064,-0.035378414965661124
HTHT_CZR,0.0201704328185357,0.009938112120188847,0.023062398268575417,0.03916164289085765,-0.021149869798516917,0.025993808452140065,0.00609976163609562,-0.017506673511430967,0.046755191451218495,0.0516799291647643
SCI_CZR,-0.022157664473343542,-0.015985022181214087,0.04323083045286868,-0.017288034479590816,-0.003757080041454514,-0.007145645873259602,0.029251035634316584,0.0208858706553139,-0.00221528365537076,-0.00930179539381046
MAR_H,-0.008060797333108103,0.03312737876211319,0.028434189640488248,0.011859910920416213,0.006195521644785609,0.006945775386140055,0.008243801054908248,-0.006433226624619252,0.04196366191792038,0.0026059449624431684
PENN_HTHT,-0.002742631956574424,-0.0034961983431233273,-0.028607867959755697,0.007821247792721931,0.009741504784911984,-0.0005591657896615168,0.02826252590259948,0.04638809488955636,-0.009586379864701159,-0.027622439889163384
TNL_MGM,0.009179114660344606,-0.02978661263809305,0.0013442840927819404,-0.021064608052985895,0.017701986914323252,-0.0053018026963533105,-0.015710056636289313,0.013386676758207398,-0.0031703455895765523,-0.019862320213893263
