,corr_smb,corr_hml,corr_rmw,corr_cma,corr_vix,corr_oil,corr_sp500,corr_usd,corr_yield,corr_copper
IPG_AMC,-0.01892741661429866,0.027978181823066633,0.008832513442406695,0.021560868064377722,0.31524739687902464,-0.1307812382629232,-0.21588432443394504,0.04391815139025666,-0.09472146817275828,-0.08165694636564311
SJR_AMC,0.024717817845744908,0.004301815161942378,-0.05297573568757118,0.01812537078025505,0.0848486187773539,0.006806058460939031,-0.08523374336279779,-0.03559414281982619,-0.005936061441787385,0.03680136084002699
FWONA_CMCSA,0.012971112227035413,0.12244381488951409,0.01913482688596115,0.05580743918455179,-0.4518722468504525,0.12317519204000944,0.29918171462479454,-0.08024384463254326,0.15220943780069454,0.13404599324668545
NXST_DIS,-0.02163870939224914,-0.0841909691366986,-0.06369910105164592,-0.019781364099547373,0.6394405463890012,-0.27444220975564154,-0.4361156100729546,0.006570728034978884,-0.4441157209258667,-0.27079249065486605
NXST_LYV,0.045758981367931176,0.04272209579884584,-0.012224325037255923,0.0614849363561637,-0.011303474892518444,-0.02136863342814559,0.02638104789569521,0.049049663246593905,0.04983453656501377,-0.06420659529255654
