,corr_smb,corr_hml,corr_rmw,corr_cma,corr_vix,corr_oil,corr_sp500,corr_usd,corr_yield,corr_copper
NXST_LYV,-0.18353657837992837,-0.04772899809797704,0.03219506089769689,0.0658969774114678,-0.20389302911914098,0.05813146096791786,0.1356542866981203,-0.08955744070591183,0.05935862810915508,0.09910194279917028
