,corr_smb,corr_hml,corr_rmw,corr_cma,corr_vix,corr_oil,corr_sp500,corr_usd,corr_yield,corr_copper
IPG_AMC,-0.019060036158122476,0.038158776248887,0.060453729478511097,0.024723725111697677,0.028009825178177072,-0.004667262720820157,0.0031467714091239257,-0.05338325710971895,-0.039437377119037983,0.024388235729766696
NXST_LYV,-0.014108093198067497,0.010630282420058899,0.02755887896967182,-0.020557674575133963,0.02148555197178133,-0.0360426026235807,-0.03261872410430454,0.002590647337689004,-0.06467919939129765,-0.03966031508804216
NYT_MTCH,-0.00017786432199846486,0.002190180918894167,0.023970596899682544,0.029936689102764803,-0.019204753520274148,-0.015365061567790756,0.04420935179447907,-0.09505437992158161,-0.03113666542255437,0.022142544854490326
