,corr_smb,corr_hml,corr_rmw,corr_cma,corr_vix,corr_oil,corr_sp500,corr_usd,corr_yield,corr_copper
NUE_AA,-0.0036976734020898005,0.02372536961935252,0.00692329844262048,0.013576226107861945,-0.0056157542289494685,-0.03626902632207028,-0.0011919003731799354,0.006324936725886296,-0.00441132304863989,0.00593420906470181
PKX_MT,-0.030959116500153122,-0.024572666409882243,-0.009795515045518727,-0.02835222728788716,0.0018517838593024023,0.012203553107609566,0.024985061775895455,-0.010703922814221958,0.06887827702597875,0.04201381890481262
STLD_MT,0.05680008844617113,-0.007594582338466773,-0.09189700018717978,-0.009779259113050168,-0.04089456858824854,0.013874409514927312,0.04039275070553894,0.042162567090224416,0.027593442768175606,-0.011441268773602664
STLD_PKX,-0.04421528826391331,-0.012898970302407194,0.049389844701221375,-0.011657235217647019,-0.025355967311793612,-0.013611723262973356,0.02849679550992613,-0.011600570640380213,0.0016338934522975553,0.012318451712373342
TX_STLD,-0.05631500662682114,0.029503499098111317,0.03872893594786532,0.0279076377761617,0.13242067481743675,-0.0454718953692869,-0.12237012846389457,0.05634005330838566,-0.012792697319698945,-0.08488324416819289
