,corr_smb,corr_hml,corr_rmw,corr_cma,corr_vix,corr_oil,corr_sp500,corr_usd,corr_yield,corr_copper
NUE_AA,8.719983544613475e-05,-0.022126060868246606,-0.03333603601042307,-0.011085933891175759,0.01369977860697077,-0.001295957130456252,-0.008886247506113361,0.005786572584232988,0.00528180618581509,-0.0014352045972095863
STLD_MT,0.03086243863186487,0.0008235122871249918,-0.017733534646198375,0.005429521552512958,-0.0450157868918077,0.020753447148374324,0.05683875099649249,-0.06295138150424189,0.011281053064749087,0.06661208952725689
