,corr_smb,corr_hml,corr_rmw,corr_cma,corr_vix,corr_oil,corr_sp500,corr_usd,corr_yield,corr_copper
NUE_AA,-0.007611530925217702,0.02965572002790232,0.021537414744056037,0.020676294417700466,0.016968463647724218,0.012808120359107542,0.005617334004769356,-0.027856718460624746,-0.0006256516747606393,0.014284408142408684
STLD_MT,0.021545021481495907,0.02174423683598246,0.02051301706749525,-0.009768046410351734,0.01527827465804139,0.005906405818337543,-0.013093031107802593,-0.010801690137771418,-0.06302851315663932,-0.037740592048450976
