,corr_smb,corr_hml,corr_rmw,corr_cma,corr_vix,corr_oil,corr_sp500,corr_usd,corr_yield,corr_copper
PAG_AN,0.00532699785292887,-0.028959760512921665,-0.0367653754973606,-0.010011070043392458,-0.025144379776554655,0.17477120844713645,0.028368118151280635,0.007794369352506405,0.0048615734132212525,0.0012558779613714161
GPC_GME,0.008183518723893134,0.011922764476243412,-0.015686862391733898,-0.033097567058739084,0.040048974839896244,-0.009661322349510908,-0.037277631095206216,0.016158145594301114,-0.0020484298914630896,-0.008838514105959335
LKQ_GME,0.030578024249866075,0.03296674053225069,-0.0038577142397243818,0.022199225241041388,0.019588778654896694,-0.0015666787544442976,-0.037724311039229824,-0.016698519522227815,-0.1196988354432923,-0.02853554530392532
ORLY_GME,0.02781531135836592,0.026840186432554678,0.01361849992572418,0.12010110576070741,0.06328940372915987,0.008221698308322358,-0.010482370753150335,0.015133298552800519,0.026092055360121113,-0.010976092394041499
PAG_GME,0.0771077757386689,0.0032129953734062223,-0.022286587574145478,-0.014330638317601663,0.17920584602346454,-0.05364192872834034,-0.10180478192715683,0.005012259088162262,-0.07386822862286123,-0.05405582438220085
TJX_GME,0.0033317900868757733,0.004040491696381266,-0.01149363441030716,-0.001593478031816342,-0.02334537821977317,0.026447334140028908,0.06743601733138184,-0.07978204878695705,-0.034257043456773446,0.05477716505792296
TSCO_GME,-0.002153713925073946,0.04337238331470833,-0.013334893397706958,0.013095348915008825,0.0023305828973173254,-0.018711469355039857,-0.025425068406301547,-0.017432174499690655,-0.052336501478016315,-0.02896886309294138
