,corr_smb,corr_hml,corr_rmw,corr_cma,corr_vix,corr_oil,corr_sp500,corr_usd,corr_yield,corr_copper
GPC_GME,-0.07873664255106343,-0.0765300567789776,-0.010672358280665257,-0.060798996990609186,0.03168785945783184,-0.024214456871172685,-0.03654901509769811,0.006576018578026174,0.008782073383645795,0.0080680737332495
ORLY_GME,0.023521144802506867,0.030459013595969274,0.020540586970152725,0.024263182319914058,0.03829460179218337,-0.019119327837292536,-0.03811085363412491,0.021307507621317296,-0.02519772618167396,-0.02974719223242383
TGT_KMX,-0.028483771272135604,-0.05281909345030282,0.003867551775242647,0.01649830294190854,0.008949914835863389,-0.0005622358687246667,-0.003225897077197174,-0.04487992974394301,-0.02695382428411142,0.025079341732076946
POOL_LOW,-0.028559339520936824,-0.010625956710140683,0.029704583777792542,0.006117697284855933,-0.03671274985802546,-0.010635886083227243,0.05496952509711258,-0.040272204824581354,-0.00277051072921046,0.02902729211711187
