,corr_smb,corr_hml,corr_rmw,corr_cma,corr_vix,corr_oil,corr_sp500,corr_usd,corr_yield,corr_copper
GME_AN,0.012371242262331428,-0.06446751916560273,-0.02145765752526408,-0.04415265539499595,-0.03109799263096517,0.02165711106727806,0.036093082057999375,-0.09602384569145585,-0.040124572120060625,0.018475843606011056
WSM_AN,-0.0025212277124396004,0.02405428753483768,-0.01181357295050187,0.01091445948317651,0.006482058841172939,0.007137851633517187,0.0009481075357965617,0.015529088356153754,-0.02105632043647807,-0.0031416151821050987
PAG_DKS,-0.021045632180153196,-0.010405064915855425,-0.007159815185103863,-0.022333913203410823,-0.0020693156876145724,0.0020514569315959043,0.013173801698383978,0.013166253743144226,-0.005005177647593287,-0.0048015347870510846
GPC_GME,-0.00787187454062908,-0.0029984271819247133,0.009995933074331192,0.0237435155651106,0.027584828120136715,-0.0009638442349540944,-0.01792782692848848,0.012472405932793222,-0.008535358447074598,-0.01698296359997286
LKQ_GME,0.026196537609635997,0.00836616850810082,-0.00384542057330112,0.0068767936198355075,-0.011391924206288637,0.00841792432442066,0.00035451808110017243,0.014681017778286284,0.04979854793073033,0.029954517930089897
ORLY_GME,0.008022178643729953,0.010725426783984608,-0.048526580341251915,0.04990613630045947,0.0028823257747675524,0.0054577862097327816,0.006042420904863736,0.027017892809485335,0.022164529709968083,-0.04287669266562091
PAG_GME,-0.002025842291999452,-0.003322917734546637,0.04698058251636364,0.05742165008504712,0.0026483470468834838,0.00866660469132226,0.00941419068577874,0.0009259894265619055,0.0144258174218676,0.0014010501572064358
TJX_GME,-0.02445109354276869,0.003736991698663719,0.0029399821630234965,-0.003728200216443317,-0.0003768270723876622,-0.008955769152734957,-0.0034039370632501726,0.03134973981844216,0.030529026849440925,-0.0003420072029265765
