,corr_smb,corr_hml,corr_rmw,corr_cma,corr_vix,corr_oil,corr_sp500,corr_usd,corr_yield,corr_copper
KLAC_ADI,-0.014249537104016203,0.09310856873596442,0.09311682315576021,0.10120354379198332,-0.010394587137701607,0.03721756132663523,0.05762725262875108,-0.04880290336096991,0.023563426850684837,0.1069957406804718
TXN_ADI,-0.01230886748831906,0.022881858567157215,0.0005106047489609448,0.026066159541105485,-0.08795599933882862,0.030936466023094054,0.05396689628955044,0.0034616453244179154,0.06487145242296796,0.004966367085938091
MCHP_AMAT,0.031886450639450045,-0.03094592361419595,0.034859125665066173,-0.02658120853930158,0.0372219587856815,-0.0270462982258086,-0.07658018477636593,0.03065416986236945,-0.05194348953996596,-0.0458131947893958
MCHP_ENTG,0.015416253942619173,0.024329268963575568,-0.04364098860999171,0.0513014845287921,-0.034769724977983814,0.00445331666161003,-0.015723422406850877,0.047644832090817386,0.00844095546892967,-0.027588570538340493
MCHP_LRCX,-0.037413064593482336,-0.03752882724155688,-0.025696613964709764,-0.01285723767270555,-0.0266122966221537,-0.02157108325684481,0.04371858503967927,-0.06580389481034508,0.0015452636596730068,0.011762591783086885
TER_MCHP,0.010011445640844843,-0.022016195596354305,0.051861225534389134,-0.031639316425644506,-0.02292242918698154,0.02216889782654618,0.0345572458305502,-0.017398200919281476,0.003404930698883852,0.03367023521682432
TSM_MCHP,-0.019825551932801187,-0.0002450812589756724,0.06644826683915134,0.006818119127585032,-0.005344906570853531,-0.02128702043247729,-0.0031758567685419674,0.02598021577955787,0.000877891812526203,-0.0029160951654635565
MRVL_MPWR,-0.04914691983360513,-0.054452026089912745,-0.0027699211029665297,-0.0368542286949158,-0.002947761057360611,-0.013102836909938373,0.001563481461939627,0.038074971549110284,-0.06289838893105269,-0.07590024843831203
