,corr_smb,corr_hml,corr_rmw,corr_cma,corr_vix,corr_oil,corr_sp500,corr_usd,corr_yield,corr_copper
ENTG_ASML,-0.012932613391751113,-0.03566104257722322,-0.02871411513109037,-0.005379613960184542,0.021296783870805677,-0.007524401185217819,-0.018488232079324873,0.021389915316657647,-0.03263413608088677,-0.01617007381648035
ENTG_AVGO,0.018483295159943597,0.02257671656811936,-0.0034104323509008805,-0.00514114184356461,0.03616653204390529,-0.015834994011362177,-0.03791006877695518,0.07052586617383153,0.05538968338832452,-0.028775387538849725
KLAC_ENTG,-0.047243343635179985,-0.03280544034054949,0.025406601526838088,0.017601942923646616,-0.011854171629625402,-0.04053786916504627,0.025347688256624343,-0.03540050828726151,0.019136035363698536,-0.0017129853844254255
MCHP_ENTG,0.02117969602448922,0.006079510725156587,-0.004573108153199788,-0.010537684283383093,-0.01662914250611701,-0.00036744800373362667,0.017602330144149272,-0.042556473554508194,0.018296136519080665,0.009653386477998759
MCHP_LRCX,-0.1317491159245097,0.05507679299607449,0.08114900162642774,0.030938332457416236,0.15200404294195227,-0.05798259024868605,-0.07675740801629198,-0.03665500845986951,-0.07981144057941286,-0.001591729015006543
MRVL_MCHP,0.016552670067081117,0.006943867081740352,-0.008040827402769993,-0.00699003859053524,-0.0067056904475042015,0.0005987637963108177,-0.014020259315620693,-0.012639717398378778,0.032041522169824845,-0.004239696722090566
