,corr_smb,corr_hml,corr_rmw,corr_cma,corr_vix,corr_oil,corr_sp500,corr_usd,corr_yield,corr_copper
KLAC_ENTG,-0.008017626781818502,-0.024451047739559736,-0.021327792618854348,0.004890979230377824,-0.02405910062329198,0.01753941808836866,-0.006895693199666727,-0.02357849180894558,-0.021618556256361183,-0.0068908797680601735
MCHP_FSLR,0.0057225411069373655,-0.06927958135444966,-0.05917167643578659,-0.04262330219820057,-0.017313169675871997,0.001996012175478333,0.01404825506211065,-0.03205575917770296,0.03958523072358923,-0.010146718155393995
TER_KLAC,0.006320805585939615,0.047440884913301735,0.07515769125883169,0.027311646421982083,-0.018263122463759402,0.018595091677501306,0.0061973374983342695,-0.035150191933192534,-0.0006763488715560008,0.004706346911416029
TER_MCHP,0.013573419987509782,-0.022169069561786332,-0.04981903620045867,0.011025618227741474,0.006230435754593712,-0.0190267047734813,-0.004842130467586695,0.031054493268955752,-0.0015617734409595083,-0.0050665520096184495
TSM_MCHP,-0.00021326148646008897,0.002113925340230878,-0.036014878337146436,-0.013830229102731217,0.008287361593076487,0.00914925805461734,-0.009103264684919392,-0.011431291426469096,0.004063248337995145,0.011486352454440102
