,corr_smb,corr_hml,corr_rmw,corr_cma,corr_vix,corr_oil,corr_sp500,corr_usd,corr_yield,corr_copper
LPL_FLEX,0.033572565556161296,0.031687837496725886,-0.03805881626566737,0.03468054904173879,0.0038942006835747255,-0.0007027122262710776,0.008312420873293924,-0.02076734071205289,-0.0019406987654751072,0.001749532284748766
