,corr_smb,corr_hml,corr_rmw,corr_cma,corr_vix,corr_oil,corr_sp500,corr_usd,corr_yield,corr_copper
LBTYK_LBTYA,-0.012738527550615227,-0.03521998419649274,-0.017110100935509978,-0.02702331777632265,-0.036923634814867885,0.02378112516942934,0.04429477996418695,-0.039839788473548264,0.027850996861787033,0.03974938602873394
