,corr_smb,corr_hml,corr_rmw,corr_cma,corr_vix,corr_oil,corr_sp500,corr_usd,corr_yield,corr_copper
AMX_AMOV,0.004732761368579804,-0.03595696315136747,-0.033641342623784085,-0.014851887684722212,-0.013191616475553083,0.014366872827642931,0.02642516309718731,-0.023130470798386916,-0.012749888874519331,0.0007101679837788995
TIMB_AMOV,-0.00853085786431858,-0.02988873560111667,-0.03102139601483999,-0.041239396540681796,-0.02614465424298618,0.003549813091740833,0.03550073459667691,-0.006534164569309453,-0.01673919292797317,0.03830921467569897
TIMB_AMX,-0.05486945186493735,-0.03840263570758421,-0.012416760710914378,-0.017488286675048294,-0.003060967071467396,0.00018272692036868046,-0.0026300388144487653,-0.006409947929996677,-0.011812626687181487,0.008176215813327092
TU_AMX,0.0019750217235318676,0.051164051400754994,0.00666239428143999,0.07012017016327941,0.012553309835185439,-0.04066819090499115,-0.033627220354269766,-0.002052684002025772,-0.008723918976559818,0.007218029600696586
TU_CHT,-0.005554423338036822,-0.025151911405870617,0.0430785586221368,-0.05109118579689467,-0.04372017014057451,0.004828890164655816,0.05107639464403538,-0.0038138988073427335,0.02018069867662861,0.03606006688743298
LBTYK_LBTYA,-0.010459729370670067,0.016473067543763868,0.00046304060531241414,0.022482117492066852,-0.01565552879919052,-0.006617201377715741,0.024337633876131293,-0.048292209547248444,-0.010461918440132188,0.020175411245256784
TEF_ORAN,-0.013486006599798204,-0.02410925038051476,-0.0193815462339446,-0.006692136112156819,-0.020503184348786382,-0.01677799568655979,0.0032184943332270546,-0.04985503500455268,-0.013842999931504204,0.005693507450622899
