,corr_smb,corr_hml,corr_rmw,corr_cma,corr_vix,corr_oil,corr_sp500,corr_usd,corr_yield,corr_copper
TIMB_AMOV,0.07405376587067913,0.01785021270985939,-0.03619754065358944,-0.038734268295741774,0.017019134995626278,0.00018379241238847022,-0.020734684315732953,0.07740029359641189,0.03920215680129545,-0.02910846818773383
TIMB_AMX,0.0008403734051025152,0.025005121809302866,0.0426693773967197,0.035193154487409756,-0.008370542251652562,-0.00843591635391514,0.01572868982393318,0.007029438221447447,0.013994018675574116,-0.009702432699999852
TU_AMX,-0.02986994075696696,-0.0909815798901924,-0.04977396099798332,-0.05584445172273873,0.015936624847429345,-0.04587569532984824,0.011525336060888808,-0.02016267261414926,-0.015031265222916253,0.02126166603096272
TU_CHT,-0.0029989981481699734,-0.018773477176371407,0.008443568588563127,-0.011337659529303367,0.025792886376800928,-0.015642556957687577,0.0010587031737437109,0.012028450815010146,-0.03301935276676118,-0.041371730130736174
LBTYK_LBTYA,-0.014546217255625599,0.011450067706137889,-0.01280277779482219,0.023214086983097782,-0.006953500650147086,-0.015982004077727353,0.0062368322225628235,-0.008649004743435273,-0.0028206752862487685,-0.008767464413459172
TEF_ORAN,0.008417475186685687,0.019417143774501176,0.002224775158880378,0.021526914555596213,0.0054386559570342025,0.01710375663166825,-0.015130727465087299,0.042210163536670155,0.04174263478181478,0.02014625892764776
TU_SKM,-0.01189643000502645,0.0031836416307581363,0.031605750547468274,0.014863354835679262,0.10829744882076046,-0.0489770769575604,-0.04015719898961454,-0.06441585027005342,-0.12600743724672528,0.05847115296749847
