,corr_smb,corr_hml,corr_rmw,corr_cma,corr_vix,corr_oil,corr_sp500,corr_usd,corr_yield,corr_copper
AMX_AMOV,-0.0720183971332259,-0.01528372467121978,0.010053942313747817,0.016143376396692583,0.05526197593048369,-0.0163455403786136,-0.00499444154559273,-0.058069667953082056,-0.025844951264392534,0.01742687181091998
TIMB_AMOV,-0.0052032485772129525,0.01827659667929419,0.06471181349612862,0.005878788757808879,-0.0429770610248157,0.033263442849733,0.06686120522070435,-0.04589076839732942,-0.00045007072188070566,0.0770324173659591
TIMB_AMX,-0.02280736034580457,0.03510410340722825,0.009951958324609033,0.020369670684569623,-0.04050094154340622,-0.003811665158041484,0.05050725734509445,0.002354379711062614,-0.055982547048276446,0.011923148050652843
TU_CHT,0.06252582045343148,0.029532098540561717,0.007738029992181919,-0.02232497657873559,-0.016926930075057824,0.04404686979870461,0.08078100317479509,-0.036280883510899746,0.05737458390646025,0.05460597340760109
LBTYK_LBTYA,-0.04956830431621591,0.07023375159925144,0.052166818646957144,0.03336751736338673,-0.003736466983651836,-0.004551056451099434,-0.005092686193063242,0.0012096043709775373,0.06245734415457276,0.04503760025830522
TEF_ORAN,-0.010242608530922568,0.05223871023705342,0.08623212466897229,0.025714257989554817,-0.027131862448970076,0.06210185023859426,0.05925771986197911,-0.07573088926321771,-0.0049911316986498795,0.058051722030803894
