,corr_smb,corr_hml,corr_rmw,corr_cma,corr_vix,corr_oil,corr_sp500,corr_usd,corr_yield,corr_copper
AMX_AMOV,-0.010981639572440296,-0.026216658210012744,-0.007055170484878584,-0.026303348714986106,-0.011915424536892425,0.006333724156843744,0.032599047176650166,-0.020098608791702638,-0.01916731031314509,0.0010557961794962851
TIMB_AMOV,0.04470360368864076,0.0628989088199839,0.04261852366989198,0.06924491255003185,0.021964227612058473,-0.004714670107353216,-0.01869884693771053,0.03031306560018185,0.02575402633244428,-0.05178648058572917
TU_AMOV,0.049405793071265,-0.016077604295557123,-0.021254561570105055,-0.04526011408002007,3.2822833252390086e-05,-0.0004615433502801867,0.042860040619210976,-0.013158644097692745,0.0112717933902641,0.041253750371785795
TIMB_AMX,-0.016831797544330198,-0.026060922331850134,-0.02096341506932324,-0.034418912571698754,-0.027017194659637346,0.010791254538988273,0.040407967803987525,-0.011157098088610826,-0.010054087056031492,0.05307477681182166
TU_AMX,0.007219251196492681,0.044632514420992545,0.04311418960410332,0.05453078459258856,0.00381934494317103,-0.010567144612991162,-0.01488478644099675,-0.00907142596362692,-0.01481284227712196,0.00792117875566598
TU_CHT,0.010169840363201742,-0.042148311710852815,-0.00021279475058262764,-0.02290621523429605,-0.018892906482642052,0.01927319898094299,0.00098786818762707,0.003036096319221653,0.08048072261603367,0.05784688335213415
LBTYK_LBTYA,-0.010108122906211308,0.01657887445109407,-0.004042714569539471,0.023542333371176227,-0.012876033643914023,-0.008564996639075374,0.01890154380334103,-0.042186417837243174,-0.006754135742525469,0.012221323963071172
TEF_ORAN,0.0045665157502629995,-0.0016023414748541184,-0.00616003631799118,-0.024905401215784388,0.008098012539101961,-0.024914740336604933,0.006387319171918682,0.027889181218190704,-0.029415811390406763,-0.0508688501966385
