,corr_smb,corr_hml,corr_rmw,corr_cma,corr_vix,corr_oil,corr_sp500,corr_usd,corr_yield,corr_copper
AMX_AMOV,-0.007528145278810437,0.014381590025495742,-0.0033635446321819847,0.013764178913582982,0.014350530035861554,0.01990588617723562,0.010314613120705014,-0.04783517984488974,0.026221114807221668,0.06984043512353877
TIMB_AMOV,0.014040363145053995,0.0011351535082512892,-0.011735035931769581,-0.04329499262969494,-0.003058334666432006,6.458579922714572e-05,0.001855266636964501,0.019948111515018255,0.008519974406510209,0.0007351492359254603
TIMB_AMX,-0.02391849899040076,0.005404428540327793,0.03289717898695463,0.01761157860693882,-0.01493307680975299,0.0012959871800926601,0.022344492991044063,-0.004058233202825916,-0.00408877173075605,0.0035923421494219424
TU_AMX,-0.044675075590550416,0.008531893964681262,0.017921799384469316,-0.004545323206068211,-0.013488452994026729,0.01699904681287143,-0.004502469623972796,0.014448630423723668,0.03283273697200141,0.048989478176756696
TU_CHT,-0.00579539990506874,0.025180470542351802,0.0038717866656890827,0.012767966834490902,0.0017488237666028208,0.0013159793337570538,-0.016279118766043574,-0.005235805114001735,-0.024285161376369626,-0.012492111867630076
LBTYK_LBTYA,-0.02572487299364184,0.0017713285088821978,-0.013822019215555509,0.021554309435285822,0.005177476510524389,-0.012978368816375428,-0.005540391096644315,-0.024497765896181023,-0.007368057293783813,-0.013908601911815286
TEF_ORAN,0.014694595519791739,-0.011926846734152726,-0.023629285338919764,-0.026141339880496963,0.020463090245804873,-0.030582935484186165,-0.00933103794254748,-0.0015100915051484273,-0.006497932691104625,-0.01364474448840068
