,corr_smb,corr_hml,corr_rmw,corr_cma,corr_vix,corr_oil,corr_sp500,corr_usd,corr_yield,corr_copper
LUV_ALK,-0.02081505262902157,-0.003958103530440469,0.004579667964460478,-0.017291672600905306,0.007598287503356782,-0.004667871317004253,-0.01206913707375433,-0.02381690804435291,0.013958390915179161,0.025309395686200817
PAC_DAL,0.04257206753328609,0.006127238708298252,0.011003402263738403,-0.04441201455668127,-0.04736235738304595,0.07202908383125928,0.1157899830744964,-0.049741210456202944,0.08515042599634123,0.07507369369899526
PAC_LUV,-0.032257235759289786,-0.012517589099531459,-0.013883775296119805,0.02290284480157781,-0.034743479683962346,-0.004591464344310328,-0.02428077000608786,0.03166211308929306,0.01421386747610444,0.03131338266905802
