,corr_smb,corr_hml,corr_rmw,corr_cma,corr_vix,corr_oil,corr_sp500,corr_usd,corr_yield,corr_copper
LUV_ASR,-0.05306641586392492,0.022049818474250513,0.010285341906241755,0.027612549813143997,-0.04542954738951441,0.024862700991273842,0.06766516497394578,0.028406245087249798,0.023107529236994714,0.021083758568658975
