,corr_smb,corr_hml,corr_rmw,corr_cma,corr_vix,corr_oil,corr_sp500,corr_usd,corr_yield,corr_copper
LUV_ALK,0.022431070076263587,0.04059230166443509,-0.0023233817579459953,0.024762205816409637,-0.007509286483467379,0.0144664542139955,0.002267612789470779,0.0011608939483922426,0.012058014462914612,-0.028508024494833088
PAC_DAL,-0.054737156999715625,-0.05268543290406603,0.010745407920416812,-0.031159909719217047,-0.04824347717007494,0.02389521643534586,0.039967555672286055,-0.0002753977323128135,0.026647246424529248,0.009857787394997205
PAC_LUV,-0.024489192440710628,-0.01241796047366819,-0.01722659306439675,-0.0028196063780643755,-0.031376866573856015,-0.03225869129687689,-0.014784447061465665,0.015045557024399627,-0.027753524349126615,-0.06169501158618672
