,corr_smb,corr_hml,corr_rmw,corr_cma,corr_vix,corr_oil,corr_sp500,corr_usd,corr_yield,corr_copper
D_AEP,0.09450360885471612,0.04176288016174589,-0.056966189666697746,0.0021556192867379863,-0.008842280538233048,0.021857420841637873,0.010350138554513885,-0.027372868998548277,0.04004070537846678,0.011364608828648483
SRE_AEP,0.001092637969615569,0.004601676614897912,0.007861846045099463,0.0506441791073898,-0.00871287168825853,4.0502706626529337e-05,0.025850030444256253,-0.013714507298242098,-0.03137510531069645,0.009379078392881695
ES_AQN,0.010827733883354748,-0.005998998709395559,0.000498911956259955,-0.0029858078736944476,-0.02021394342820855,-0.003152838311058116,0.008701181786381804,-0.023790427550372004,0.01691147672398872,0.012054712381756585
D_CMS,-0.009838032816000496,0.0001076420502011589,-0.009550559084430801,-0.020057919378750837,-0.00014428812398389882,0.0029870753129867303,0.025825321449790613,-0.05575942553575388,-0.015264550510389812,0.03653388131144952
WEC_D,0.04692633313397354,0.025650469099447536,-0.0029650892979948378,0.021554044427674345,-0.03492850752070372,0.027488006001458534,0.03192413858867119,-0.05735749188196944,0.01591712072142268,0.043699206562382686
XEL_D,-0.023719238858322864,-0.04424720641122927,-0.020747054718907587,-0.08277281836360911,0.009096578331474078,0.0015221853474041563,0.011635006274866988,-0.027781884723316976,-0.009416306444949079,0.009206730870237236
SRE_ETR,-0.022371151709001984,-0.022669535162240458,0.007598956979541585,0.008905040405683027,-0.0030299559879125434,-0.012630823999239461,0.0026315831244195006,0.019812578891743773,-0.01007967159101879,-0.02084303967828422
