,corr_smb,corr_hml,corr_rmw,corr_cma,corr_vix,corr_oil,corr_sp500,corr_usd,corr_yield,corr_copper
D_AEP,0.02331665076032269,0.08419172589241612,0.03239957601521563,0.06566967395090738,-0.03904834639803639,0.03902368122563797,0.034932388973355454,-0.01370850795477287,0.030312895738495837,0.045854379231364664
D_CMS,-0.008055376360463721,-0.022866813652921977,0.0013760834018793796,-0.008159857017523281,0.0042604845433653026,0.00752666088457387,-0.010157347032935894,0.025336072190983147,0.013610096428337218,-0.013027092969350925
